<?xml version="1.0" encoding="UTF-8"?>
<ns2:ExportConfiguration xmlns:ns1="http://digev.com/uri/products/Types/xsd/1.0" xmlns:ns10="http://soa.com/uri/products/IdentityAuthorization/xsd/1.0" xmlns:ns11="http://soa.com/uri/products/Policy/xsd/1.0" xmlns:ns12="http://digev.com/uri/products/AlertManager/xsd/1.0" xmlns:ns13="http://soa.com/uri/products/Contracts/xsd/1.0" xmlns:ns14="http://digev.com/uri/products/PolicyManager/xsd/1.0" xmlns:ns15="urn:uddi-org:sub_v3" xmlns:ns2="http://www.soa.com/uri/products/ServiceManagerMigration/xsd/1.0" xmlns:ns3="http://digev.com/uri/products/ManagementServer/xsd/1.0" xmlns:ns4="http://www.soa.com/uri/products/SLAPolicy/xsd/1.0" xmlns:ns5="urn:uddi-org:api_v3" xmlns:ns6="http://www.w3.org/2000/09/xmldsig#" xmlns:ns7="http://soa.com/uri/products/ServiceProperties/1.0" xmlns:ns8="http://soa.com/uri/products/ServiceEndpointProperties/1.0" xmlns:ns9="http://soa.com/uri/products/Organization/xsd/1.0"><ns2:SourceOrganization><ns1:Key>uddi:soa.com:registryorganization</ns1:Key></ns2:SourceOrganization><ns2:ExportObjectConfiguration><ns1:OrganizationKey><ns1:Key>uddi:9adb52b6-b649-11e4-9c29-d6275be28ced</ns1:Key></ns1:OrganizationKey><ns2:ExportOrganization><ns9:Organization><ns9:OrganizationKey><ns1:Key>uddi:9adb52b6-b649-11e4-9c29-d6275be28ced</ns1:Key></ns9:OrganizationKey><ns9:ParentKey><ns1:Key>uddi:soa.com:registryorganization</ns1:Key></ns9:ParentKey><ns9:Name>Google Drive API Integration</ns9:Name><ns9:Description></ns9:Description><ns9:OrganizationType>Project</ns9:OrganizationType></ns9:Organization><ns5:businessEntity businessKey="uddi:9adb52b6-b649-11e4-9c29-d6275be28ced"><ns5:name>Google Drive API Integration</ns5:name><ns5:categoryBag><ns5:keyedReferenceGroup tModelKey="uddi:soa.com:organization:group"><ns5:keyedReference keyName="Organization type" keyValue="Project" tModelKey="uddi:soa.com:categorization:organizationtype"/></ns5:keyedReferenceGroup></ns5:categoryBag></ns5:businessEntity></ns2:ExportOrganization></ns2:ExportObjectConfiguration><ns2:ExportObjectConfiguration><ns1:BpelKey><ns1:Key>bpel:f3f1d7b0-b64c-11e4-9c29-d6275be28ced</ns1:Key></ns1:BpelKey><ns2:ExportBpel><ns2:BpelUri>bpels/bpel_f3f1d7b0-b64c-11e4-9c29-d6275be28ced.xml</ns2:BpelUri></ns2:ExportBpel></ns2:ExportObjectConfiguration><ns2:ExportObjectConfiguration><ns1:BpelKey><ns1:Key>bpel:34a9006f-b64f-11e4-9c29-d6275be28ced</ns1:Key></ns1:BpelKey><ns2:ExportBpel><ns2:BpelUri>bpels/bpel_34a9006f-b64f-11e4-9c29-d6275be28ced.xml</ns2:BpelUri></ns2:ExportBpel></ns2:ExportObjectConfiguration><ns2:ExportObjectConfiguration><ns1:BpelKey><ns1:Key>bpel:6fe96dde-b264-11e4-9d14-dc40c838bd18</ns1:Key></ns1:BpelKey><ns2:ExportBpel><ns2:BpelUri>bpels/bpel_6fe96dde-b264-11e4-9d14-dc40c838bd18.xml</ns2:BpelUri></ns2:ExportBpel></ns2:ExportObjectConfiguration><ns2:ExportObjectConfiguration><ns1:BpelKey><ns1:Key>bpel:8035265e-b6ff-11e4-a1d3-e7b0fbac92ac</ns1:Key></ns1:BpelKey><ns2:ExportBpel><ns2:BpelUri>bpels/bpel_8035265e-b6ff-11e4-a1d3-e7b0fbac92ac.xml</ns2:BpelUri></ns2:ExportBpel></ns2:ExportObjectConfiguration><ns2:ExportObjectConfiguration><ns1:BpelKey><ns1:Key>bpel:0a596e52-b7c9-11e4-a1d3-e7b0fbac92ac</ns1:Key></ns1:BpelKey><ns2:ExportBpel><ns2:BpelUri>bpels/bpel_0a596e52-b7c9-11e4-a1d3-e7b0fbac92ac.xml</ns2:BpelUri></ns2:ExportBpel></ns2:ExportObjectConfiguration><ns2:ExportObjectConfiguration><ns1:BpelKey><ns1:Key>bpel:53c869c3-b7c9-11e4-a1d3-e7b0fbac92ac</ns1:Key></ns1:BpelKey><ns2:ExportBpel><ns2:BpelUri>bpels/bpel_53c869c3-b7c9-11e4-a1d3-e7b0fbac92ac.xml</ns2:BpelUri></ns2:ExportBpel></ns2:ExportObjectConfiguration><ns2:ExportObjectConfiguration><ns1:InterfaceKey><ns1:Key>uddi:d20279c4-855f-b85a-8e68-a4e710409060</ns1:Key><ns1:InterfaceQName>{http://www.soa.com/trialleads}TrialLeads_API_PortType</ns1:InterfaceQName></ns1:InterfaceKey><ns2:ExportInterface><ns5:tModel deleted="false" tModelKey="uddi:d20279c4-855f-b85a-8e68-a4e710409060"><ns5:name>TrialLeads_API_PortType</ns5:name><ns5:categoryBag><ns5:keyedReference keyName="WSDL type" keyValue="portType" tModelKey="uddi:uddi.org:wsdl:types"/><ns5:keyedReference keyName="portType namespace" keyValue="http://www.soa.com/trialleads" tModelKey="uddi:uddi.org:xml:namespace"/></ns5:categoryBag></ns5:tModel><ns2:InterfaceWsdlUri>wsdls/uddi_d20279c4-855f-b85a-8e68-a4e710409060.wsdl</ns2:InterfaceWsdlUri></ns2:ExportInterface></ns2:ExportObjectConfiguration><ns2:ExportObjectConfiguration><ns1:BindingKey><ns1:Key>uddi:42abd95a-9ff0-91d3-86c4-d67d04e098f0</ns1:Key><ns1:BindingQName>{http://www.soa.com/trialleads}Google_TrialLeads</ns1:BindingQName><ns1:BindingType>binding.http</ns1:BindingType></ns1:BindingKey><ns2:ExportBinding><ns5:tModel deleted="false" tModelKey="uddi:42abd95a-9ff0-91d3-86c4-d67d04e098f0"><ns5:name>Google_TrialLeads</ns5:name><ns5:overviewDoc><ns5:overviewURL>wsdl.xml</ns5:overviewURL></ns5:overviewDoc><ns5:categoryBag><ns5:keyedReference keyName="binding namespace" keyValue="http://www.soa.com/trialleads" tModelKey="uddi:uddi.org:xml:namespace"/><ns5:keyedReference keyName="WSDL type" keyValue="binding" tModelKey="uddi:uddi.org:wsdl:types"/><ns5:keyedReference keyName="portType Reference" keyValue="uddi:d20279c4-855f-b85a-8e68-a4e710409060" tModelKey="uddi:uddi.org:wsdl:porttypereference"/><ns5:keyedReference keyName="uddi-org:types" keyValue="wsdlSpec" tModelKey="uddi:uddi.org:categorization:types"/></ns5:categoryBag></ns5:tModel><ns2:BindingWsdlUri>wsdls/uddi_42abd95a-9ff0-91d3-86c4-d67d04e098f0.wsdl</ns2:BindingWsdlUri></ns2:ExportBinding></ns2:ExportObjectConfiguration><ns2:ExportObjectConfiguration><ns1:ServiceKey><ns1:Key>uddi:9c640d9a-b64c-11e4-9c29-d6275be28ced</ns1:Key><ns1:ServiceQName>{http://www.soa.com/google/trialleads}TrialLeads_API_Binding</ns1:ServiceQName></ns1:ServiceKey><ns2:ExportService><ns3:VirtualService BusinessKey="uddi:9adb52b6-b649-11e4-9c29-d6275be28ced" ServiceKey="uddi:9c640d9a-b64c-11e4-9c29-d6275be28ced" WsdlServiceLocalName="TrialLeads_API_Binding" WsdlTargetNamespaceUrl="http://www.soa.com/google/trialleads"><ns3:Name>TrialLeads_API_Google</ns3:Name><ns3:Description></ns3:Description><ns3:Operations><ns3:LogicalOperation InterfaceName="{http://www.soa.com/trialleads}TrialLeads_API_PortType" ManagementState="Enabled" NumOfVirtualizedOperations="0" OperationKey="9ca50e41-b64c-11e4-9c29-d6275be28ced" OperationLastUpdatedAt="2015-03-10T03:54:52.850Z" OperationName="GET /leads" PolicyAvailable="true" ServiceKey="uddi:9c640d9a-b64c-11e4-9c29-d6275be28ced" WsdlOperationName="GET__leads"/><ns3:LogicalOperation InterfaceName="{http://www.soa.com/trialleads}TrialLeads_API_PortType" ManagementState="Enabled" NextHopOperationKey="uddi:7419dd65-6e92-11e4-8fed-dad2b3c7c30a$$${https://login.salesforce.com/services/oauth2}SalesforceAuthentication_PortType$$$POST__token" NextHopOperationName="POST /sobjects/Lead" NextHopServiceKey="uddi:25734f6f-71c4-11e4-b9af-fdd44115e303" NextHopServiceName="SalesforceV20_API" NumOfVirtualizedOperations="0" OperationKey="9ca2762e-b64c-11e4-9c29-d6275be28ced" OperationLastUpdatedAt="2015-03-10T03:54:52.850Z" OperationName="POST /leads" PolicyAvailable="true" ServiceKey="uddi:9c640d9a-b64c-11e4-9c29-d6275be28ced" WsdlOperationName="POST__leads"><ns3:NextHopOperation InterfaceName="{https://na4.salesforce.com/services/data/v20.0/}SalesforceV20_API_PortType" OperationKey="edd0dab6-97c0-11e4-bfec-8fb3ddad882e" OperationLastUpdatedAt="2015-01-09T05:32:41.970Z" OperationName="POST /sobjects/Lead" ServiceKey="uddi:25734f6f-71c4-11e4-b9af-fdd44115e303" ServiceName="SalesforceV20_API" WsdlOperationName="POST__sobjects_Lead"/></ns3:LogicalOperation></ns3:Operations></ns3:VirtualService><ns5:businessService businessKey="uddi:9adb52b6-b649-11e4-9c29-d6275be28ced" serviceKey="uddi:9c640d9a-b64c-11e4-9c29-d6275be28ced"><ns5:name>TrialLeads_API_Google</ns5:name><ns5:bindingTemplates><ns5:bindingTemplate bindingKey="uddi:9cc3e0e5-b64c-11e4-9c29-d6275be28ced" serviceKey="uddi:9c640d9a-b64c-11e4-9c29-d6275be28ced"><ns5:accessPoint useType="endPoint">http://win7-64-vm:80/GoogleLeads</ns5:accessPoint><ns5:tModelInstanceDetails><ns5:tModelInstanceInfo tModelKey="uddi:42abd95a-9ff0-91d3-86c4-d67d04e098f0"><ns5:description>The wsdl:binding that this wsdl:port implements. The instanceParms specifies the port local name.</ns5:description><ns5:instanceDetails><ns5:instanceParms>HTTP</ns5:instanceParms></ns5:instanceDetails></ns5:tModelInstanceInfo><ns5:tModelInstanceInfo tModelKey="uddi:d20279c4-855f-b85a-8e68-a4e710409060"><ns5:description>The wsdl:portType that this wsdl:port implements.</ns5:description></ns5:tModelInstanceInfo></ns5:tModelInstanceDetails><ns5:categoryBag><ns5:keyedReference keyName="WSDL type" keyValue="port" tModelKey="uddi:uddi.org:wsdl:types"/><ns5:keyedReferenceGroup tModelKey="uddi:soa.com:serviceendpoint:group"><ns5:keyedReference keyName="containerKey" keyValue="ND-Cluster" tModelKey="uddi:soa.com:serviceendpoint:containername"/><ns5:keyedReference keyName="listenerName" keyValue="default-http0" tModelKey="uddi:soa.com:serviceendpoint:listenername"/></ns5:keyedReferenceGroup></ns5:categoryBag></ns5:bindingTemplate></ns5:bindingTemplates><ns5:categoryBag><ns5:keyedReference keyName="Virtual Service" keyValue="Virtual Service" tModelKey="uddi:digev.com:categorization:services"/><ns5:keyedReference keyName="Design" keyValue="Design" tModelKey="uddi:soa.com:servicelifecyclestage"/><ns5:keyedReference keyName="WSDL type" keyValue="service" tModelKey="uddi:uddi.org:wsdl:types"/><ns5:keyedReference keyName="service namespace" keyValue="http://www.soa.com/google/trialleads" tModelKey="uddi:uddi.org:xml:namespace"/><ns5:keyedReference keyName="service local name" keyValue="TrialLeads_API_Binding" tModelKey="uddi:uddi.org:xml:localname"/><ns5:keyedReference keyName="Managed Service" keyValue="Managed Service" tModelKey="uddi:digev.com:categorization:services"/><ns5:keyedReferenceGroup tModelKey="uddi:soa.com:service:group"/></ns5:categoryBag></ns5:businessService><ns2:ExportServiceEndpoint><ns8:ServiceEndpoint><ns8:ServiceKey>uddi:9c640d9a-b64c-11e4-9c29-d6275be28ced</ns8:ServiceKey><ns8:Name>uddi:9cc3e0e5-b64c-11e4-9c29-d6275be28ced</ns8:Name><ns8:Url>http://win7-64-vm:80/GoogleLeads</ns8:Url><ns8:BindingQName>{http://www.soa.com/trialleads}Google_TrialLeads</ns8:BindingQName><ns8:PortName>HTTP</ns8:PortName><ns8:Protocol>http</ns8:Protocol><ns8:ContainerKey>ND-Cluster</ns8:ContainerKey><ns8:ListenerName>default-http0</ns8:ListenerName></ns8:ServiceEndpoint><ns2:EndpointWsdlUri>wsdls/uddi_9cc3e0e5-b64c-11e4-9c29-d6275be28ced.wsdl</ns2:EndpointWsdlUri></ns2:ExportServiceEndpoint><ns2:BpelUri>services/uddi_9c640d9a-b64c-11e4-9c29-d6275be28ced/bpel.xml</ns2:BpelUri><ns2:ManagementUri>services/uddi_9c640d9a-b64c-11e4-9c29-d6275be28ced/management.xml</ns2:ManagementUri></ns2:ExportService></ns2:ExportObjectConfiguration><ns2:ExportObjectConfiguration><ns1:ContractKey><ns1:Key>01a125cc-b64e-11e4-9c29-d6275be28ced</ns1:Key></ns1:ContractKey><ns2:ExportContract><ns13:Contract><ns13:ContractInfo Anonymous="true" Key="01a125cc-b64e-11e4-9c29-d6275be28ced:1101" Name="Anonymous" State="Activated"><ns13:Description></ns13:Description><ns13:ProviderOrganizationKey>uddi:9adb52b6-b649-11e4-9c29-d6275be28ced</ns13:ProviderOrganizationKey><ns1:EffectiveDateTimes><ns1:StartDateTime><ns1:DateTime>2015-02-17T13:37:00+11:00</ns1:DateTime><ns1:TimezoneName>Australia/Sydney</ns1:TimezoneName></ns1:StartDateTime><ns1:EndDateTime><ns1:DateTime>2016-02-17T13:37:00+11:00</ns1:DateTime><ns1:TimezoneName>Australia/Sydney</ns1:TimezoneName></ns1:EndDateTime><ns1:Expire>false</ns1:Expire></ns1:EffectiveDateTimes><ns13:ContractVersionInfo><ns13:LastModifiedTimestamp>2015-02-17+11:00</ns13:LastModifiedTimestamp><ns13:User>Local Domain\administrator</ns13:User><ns13:MetadataVersion>1</ns13:MetadataVersion><ns13:ActiveMetadataVersion>1</ns13:ActiveMetadataVersion></ns13:ContractVersionInfo><ns13:ContractType>service.contract</ns13:ContractType></ns13:ContractInfo><ns13:ContractScope><ns1:OrganizationKey>uddi:9adb52b6-b649-11e4-9c29-d6275be28ced</ns1:OrganizationKey></ns13:ContractScope></ns13:Contract></ns2:ExportContract></ns2:ExportObjectConfiguration><ns2:ExportObjectConfiguration><ns1:IdentityKey><ns1:Key>Local Domain\cNseMl4KxGm6C5ReKgy4aA==</ns1:Key><ns1:DomainName>Local Domain</ns1:DomainName><ns1:UserName>cNseMl4KxGm6C5ReKgy4aA==</ns1:UserName></ns1:IdentityKey><ns2:ExportUserIdentity><ns14:User DomainName="Local Domain" UserName="cNseMl4KxGm6C5ReKgy4aA=="><ns14:FullName>Service: uddi:9c640d9a-b64c-11e4-9c29-d6275be28ced</ns14:FullName><ns14:IdentityKey>urn:uuid:9c66ccbb-b64c-11e4-9c29-d6275be28ced</ns14:IdentityKey><ns14:Password>wJU3qYMeQrE6huVd6qIIh3U94EkVUCl9G8i+AmiWG9vtqCIZyx9j79vDDBt42i3LzVgF03LJ6VkuHg6RfEh8+g==</ns14:Password><ns14:Disabled>false</ns14:Disabled><ns14:ForcePwdResetOnNextLogin>false</ns14:ForcePwdResetOnNextLogin><ns14:Expired>false</ns14:Expired><ns14:ReadOnly>true</ns14:ReadOnly><ns14:PasswordFrmSeed>0</ns14:PasswordFrmSeed><ns14:OrganizationKey>uddi:soa.com:registryorganization</ns14:OrganizationKey><ns14:PasswordSalt>XEes1QS++sW1qbeb3Q+VsYFJyYMyCucN3J+frhRL/XJV0tebXpwtN2sDKL7GQQzz/sDirvVlKBW+CgIfvx65IA==</ns14:PasswordSalt></ns14:User><ns2:PKIGenerated>true</ns2:PKIGenerated></ns2:ExportUserIdentity></ns2:ExportObjectConfiguration></ns2:ExportConfiguration>