<?xml version="1.0" encoding="UTF-8"?>
<ns8:ExportConfiguration xmlns="http://digev.com/uri/products/ManagementServer/xsd/1.0" xmlns:ns10="http://soa.com/uri/products/Policy/xsd/1.0" xmlns:ns11="http://soa.com/uri/products/Contracts/xsd/1.0" xmlns:ns12="http://soa.com/uri/products/IdentityAuthorization/xsd/1.0" xmlns:ns13="http://soa.com/uri/products/Organization/xsd/1.0" xmlns:ns14="http://digev.com/uri/products/AlertManager/xsd/1.0" xmlns:ns15="http://digev.com/uri/products/PolicyManager/xsd/1.0" xmlns:ns2="http://digev.com/uri/products/Types/xsd/1.0" xmlns:ns3="http://www.soa.com/uri/products/SLAPolicy/xsd/1.0" xmlns:ns4="urn:uddi-org:api_v3" xmlns:ns5="http://www.w3.org/2000/09/xmldsig#" xmlns:ns6="http://soa.com/uri/products/ServiceProperties/1.0" xmlns:ns7="http://soa.com/uri/products/ServiceEndpointProperties/1.0" xmlns:ns8="http://www.soa.com/uri/products/ServiceManagerMigration/xsd/1.0" xmlns:ns9="urn:uddi-org:sub_v3"><ns8:SourceOrganization><ns2:Key>uddi:soa.com:registryorganization</ns2:Key></ns8:SourceOrganization><ns8:ExportObjectConfiguration><ns2:OrganizationKey><ns2:Key>uddi:9adb52b6-b649-11e4-9c29-d6275be28ced</ns2:Key></ns2:OrganizationKey><ns8:ExportOrganization><ns13:Organization><ns13:OrganizationKey><ns2:Key>uddi:9adb52b6-b649-11e4-9c29-d6275be28ced</ns2:Key></ns13:OrganizationKey><ns13:ParentKey><ns2:Key>uddi:soa.com:registryorganization</ns2:Key></ns13:ParentKey><ns13:Name>Google Drive API Integration</ns13:Name><ns13:Description></ns13:Description><ns13:OrganizationType>Project</ns13:OrganizationType></ns13:Organization><ns4:businessEntity businessKey="uddi:9adb52b6-b649-11e4-9c29-d6275be28ced"><ns4:name>Google Drive API Integration</ns4:name><ns4:categoryBag><ns4:keyedReferenceGroup tModelKey="uddi:soa.com:organization:group"><ns4:keyedReference keyName="Organization type" keyValue="Project" tModelKey="uddi:soa.com:categorization:organizationtype"/></ns4:keyedReferenceGroup></ns4:categoryBag></ns4:businessEntity></ns8:ExportOrganization></ns8:ExportObjectConfiguration><ns8:ExportObjectConfiguration><ns2:ScriptKey><ns2:Key>script:cab432a2-a4f4-11e4-8c33-f78776b6b53c</ns2:Key></ns2:ScriptKey><ns8:ExportScript><ns8:ScriptUri>scripts/script_cab432a2-a4f4-11e4-8c33-f78776b6b53c.xml</ns8:ScriptUri><ns8:Name>Signature</ns8:Name><ns8:Description>uses Java to signed the object passed in, with the method passed in as a parameter</ns8:Description><ns8:ScriptKey>script:cab432a2-a4f4-11e4-8c33-f78776b6b53c</ns8:ScriptKey><ns8:OrganizationKey>uddi:de16dd10-b7c8-11e4-a1d3-e7b0fbac92ac</ns8:OrganizationKey><ns8:Type>js</ns8:Type></ns8:ExportScript></ns8:ExportObjectConfiguration><ns8:ExportObjectConfiguration><ns2:BpelKey><ns2:Key>bpel:34a9006f-b64f-11e4-9c29-d6275be28ced</ns2:Key></ns2:BpelKey><ns8:ExportBpel><ns8:BpelUri>bpels/bpel_34a9006f-b64f-11e4-9c29-d6275be28ced.xml</ns8:BpelUri></ns8:ExportBpel></ns8:ExportObjectConfiguration><ns8:ExportObjectConfiguration><ns2:BpelKey><ns2:Key>bpel:53c869c3-b7c9-11e4-a1d3-e7b0fbac92ac</ns2:Key></ns2:BpelKey><ns8:ExportBpel><ns8:BpelUri>bpels/bpel_53c869c3-b7c9-11e4-a1d3-e7b0fbac92ac.xml</ns8:BpelUri></ns8:ExportBpel></ns8:ExportObjectConfiguration><ns8:ExportObjectConfiguration><ns2:BpelKey><ns2:Key>bpel:916513c3-a5ed-11e4-b69f-e2b8365dcc19</ns2:Key></ns2:BpelKey><ns8:ExportBpel><ns8:BpelUri>bpels/bpel_916513c3-a5ed-11e4-b69f-e2b8365dcc19.xml</ns8:BpelUri></ns8:ExportBpel></ns8:ExportObjectConfiguration><ns8:ExportObjectConfiguration><ns2:BpelKey><ns2:Key>bpel:8035265e-b6ff-11e4-a1d3-e7b0fbac92ac</ns2:Key></ns2:BpelKey><ns8:ExportBpel><ns8:BpelUri>bpels/bpel_8035265e-b6ff-11e4-a1d3-e7b0fbac92ac.xml</ns8:BpelUri></ns8:ExportBpel></ns8:ExportObjectConfiguration><ns8:ExportObjectConfiguration><ns2:BpelKey><ns2:Key>bpel:f3f1d7b0-b64c-11e4-9c29-d6275be28ced</ns2:Key></ns2:BpelKey><ns8:ExportBpel><ns8:BpelUri>bpels/bpel_f3f1d7b0-b64c-11e4-9c29-d6275be28ced.xml</ns8:BpelUri></ns8:ExportBpel></ns8:ExportObjectConfiguration><ns8:ExportObjectConfiguration><ns2:BpelKey><ns2:Key>bpel:6fe96dde-b264-11e4-9d14-dc40c838bd18</ns2:Key></ns2:BpelKey><ns8:ExportBpel><ns8:BpelUri>bpels/bpel_6fe96dde-b264-11e4-9d14-dc40c838bd18.xml</ns8:BpelUri></ns8:ExportBpel></ns8:ExportObjectConfiguration><ns8:ExportObjectConfiguration><ns2:BpelKey><ns2:Key>bpel:0a596e52-b7c9-11e4-a1d3-e7b0fbac92ac</ns2:Key></ns2:BpelKey><ns8:ExportBpel><ns8:BpelUri>bpels/bpel_0a596e52-b7c9-11e4-a1d3-e7b0fbac92ac.xml</ns8:BpelUri></ns8:ExportBpel></ns8:ExportObjectConfiguration><ns8:ExportObjectConfiguration><ns2:InterfaceKey><ns2:Key>uddi:d20279c4-855f-b85a-8e68-a4e710409060</ns2:Key><ns2:InterfaceQName>{http://www.soa.com/trialleads}TrialLeads_API_PortType</ns2:InterfaceQName></ns2:InterfaceKey><ns8:ExportInterface><ns4:tModel deleted="false" tModelKey="uddi:d20279c4-855f-b85a-8e68-a4e710409060"><ns4:name>TrialLeads_API_PortType</ns4:name><ns4:categoryBag><ns4:keyedReference keyName="WSDL type" keyValue="portType" tModelKey="uddi:uddi.org:wsdl:types"/><ns4:keyedReference keyName="portType namespace" keyValue="http://www.soa.com/trialleads" tModelKey="uddi:uddi.org:xml:namespace"/></ns4:categoryBag></ns4:tModel><ns8:InterfaceWsdlUri>wsdls/uddi_d20279c4-855f-b85a-8e68-a4e710409060.wsdl</ns8:InterfaceWsdlUri></ns8:ExportInterface></ns8:ExportObjectConfiguration><ns8:ExportObjectConfiguration><ns2:InterfaceKey><ns2:Key>uddi:b4b1ca78-0a1d-62b2-9738-8b5fb3430f79</ns2:Key><ns2:InterfaceQName>{https://www.googleapis.com/upload/drive/v2}Google_Drive_Upload_API.raml_PortType</ns2:InterfaceQName></ns2:InterfaceKey><ns8:ExportInterface><ns4:tModel deleted="false" tModelKey="uddi:b4b1ca78-0a1d-62b2-9738-8b5fb3430f79"><ns4:name>Google_Drive_Upload_API.raml_PortType</ns4:name><ns4:categoryBag><ns4:keyedReference keyName="portType namespace" keyValue="https://www.googleapis.com/upload/drive/v2" tModelKey="uddi:uddi.org:xml:namespace"/><ns4:keyedReference keyName="WSDL type" keyValue="portType" tModelKey="uddi:uddi.org:wsdl:types"/></ns4:categoryBag></ns4:tModel><ns8:InterfaceWsdlUri>wsdls/uddi_b4b1ca78-0a1d-62b2-9738-8b5fb3430f79.wsdl</ns8:InterfaceWsdlUri></ns8:ExportInterface></ns8:ExportObjectConfiguration><ns8:ExportObjectConfiguration><ns2:InterfaceKey><ns2:Key>uddi:f8740229-0ee7-4455-f110-e229ccd73f9b</ns2:Key><ns2:InterfaceQName>{https://www.googleapis.com/drive/v2}Google_Drive_API.raml_PortType</ns2:InterfaceQName></ns2:InterfaceKey><ns8:ExportInterface><ns4:tModel deleted="false" tModelKey="uddi:f8740229-0ee7-4455-f110-e229ccd73f9b"><ns4:name>Google_Drive_API.raml_PortType</ns4:name><ns4:categoryBag><ns4:keyedReference keyName="portType namespace" keyValue="https://www.googleapis.com/drive/v2" tModelKey="uddi:uddi.org:xml:namespace"/><ns4:keyedReference keyName="WSDL type" keyValue="portType" tModelKey="uddi:uddi.org:wsdl:types"/></ns4:categoryBag></ns4:tModel><ns8:InterfaceWsdlUri>wsdls/uddi_f8740229-0ee7-4455-f110-e229ccd73f9b.wsdl</ns8:InterfaceWsdlUri></ns8:ExportInterface></ns8:ExportObjectConfiguration><ns8:ExportObjectConfiguration><ns2:InterfaceKey><ns2:Key>uddi:1d873bff-958d-a5f4-59f7-4aacb94c8fbd</ns2:Key><ns2:InterfaceQName>{https://www.googleapis.com/oauth2/v3}Google_Auth_API_PortType</ns2:InterfaceQName></ns2:InterfaceKey><ns8:ExportInterface><ns4:tModel deleted="false" tModelKey="uddi:1d873bff-958d-a5f4-59f7-4aacb94c8fbd"><ns4:name>Google_Auth_API_PortType</ns4:name><ns4:categoryBag><ns4:keyedReference keyName="WSDL type" keyValue="portType" tModelKey="uddi:uddi.org:wsdl:types"/><ns4:keyedReference keyName="portType namespace" keyValue="https://www.googleapis.com/oauth2/v3" tModelKey="uddi:uddi.org:xml:namespace"/></ns4:categoryBag></ns4:tModel><ns8:InterfaceWsdlUri>wsdls/uddi_1d873bff-958d-a5f4-59f7-4aacb94c8fbd.wsdl</ns8:InterfaceWsdlUri></ns8:ExportInterface></ns8:ExportObjectConfiguration><ns8:ExportObjectConfiguration><ns2:BindingKey><ns2:Key>uddi:42abd95a-9ff0-91d3-86c4-d67d04e098f0</ns2:Key><ns2:BindingQName>{http://www.soa.com/trialleads}Google_TrialLeads</ns2:BindingQName><ns2:BindingType>binding.http</ns2:BindingType></ns2:BindingKey><ns8:ExportBinding><ns4:tModel deleted="false" tModelKey="uddi:42abd95a-9ff0-91d3-86c4-d67d04e098f0"><ns4:name>Google_TrialLeads</ns4:name><ns4:overviewDoc><ns4:overviewURL>wsdl.xml</ns4:overviewURL></ns4:overviewDoc><ns4:categoryBag><ns4:keyedReference keyName="binding namespace" keyValue="http://www.soa.com/trialleads" tModelKey="uddi:uddi.org:xml:namespace"/><ns4:keyedReference keyName="WSDL type" keyValue="binding" tModelKey="uddi:uddi.org:wsdl:types"/><ns4:keyedReference keyName="portType Reference" keyValue="uddi:d20279c4-855f-b85a-8e68-a4e710409060" tModelKey="uddi:uddi.org:wsdl:porttypereference"/><ns4:keyedReference keyName="uddi-org:types" keyValue="wsdlSpec" tModelKey="uddi:uddi.org:categorization:types"/></ns4:categoryBag></ns4:tModel><ns8:BindingWsdlUri>wsdls/uddi_42abd95a-9ff0-91d3-86c4-d67d04e098f0.wsdl</ns8:BindingWsdlUri></ns8:ExportBinding></ns8:ExportObjectConfiguration><ns8:ExportObjectConfiguration><ns2:BindingKey><ns2:Key>uddi:f6401129-03f3-096e-b9ab-ccff1f90ad34</ns2:Key><ns2:BindingQName>{https://www.googleapis.com/upload/drive/v2}Google_Drive_Upload_API.raml_Binding</ns2:BindingQName><ns2:BindingType>binding.http</ns2:BindingType></ns2:BindingKey><ns8:ExportBinding><ns4:tModel deleted="false" tModelKey="uddi:f6401129-03f3-096e-b9ab-ccff1f90ad34"><ns4:name>Google_Drive_Upload_API.raml_Binding</ns4:name><ns4:categoryBag><ns4:keyedReference keyName="binding namespace" keyValue="https://www.googleapis.com/upload/drive/v2" tModelKey="uddi:uddi.org:xml:namespace"/><ns4:keyedReference keyName="WSDL type" keyValue="binding" tModelKey="uddi:uddi.org:wsdl:types"/><ns4:keyedReference keyName="portType Reference" keyValue="uddi:b4b1ca78-0a1d-62b2-9738-8b5fb3430f79" tModelKey="uddi:uddi.org:wsdl:porttypereference"/><ns4:keyedReference keyName="uddi-org:types" keyValue="wsdlSpec" tModelKey="uddi:uddi.org:categorization:types"/></ns4:categoryBag></ns4:tModel><ns8:BindingWsdlUri>wsdls/uddi_f6401129-03f3-096e-b9ab-ccff1f90ad34.wsdl</ns8:BindingWsdlUri></ns8:ExportBinding></ns8:ExportObjectConfiguration><ns8:ExportObjectConfiguration><ns2:BindingKey><ns2:Key>uddi:64606179-b7d9-a827-117b-a9f6d17bf5b6</ns2:Key><ns2:BindingQName>{https://www.googleapis.com/drive/v2}Google_Drive_API.raml_Binding</ns2:BindingQName><ns2:BindingType>binding.http</ns2:BindingType></ns2:BindingKey><ns8:ExportBinding><ns4:tModel deleted="false" tModelKey="uddi:64606179-b7d9-a827-117b-a9f6d17bf5b6"><ns4:name>Google_Drive_API.raml_Binding</ns4:name><ns4:categoryBag><ns4:keyedReference keyName="binding namespace" keyValue="https://www.googleapis.com/drive/v2" tModelKey="uddi:uddi.org:xml:namespace"/><ns4:keyedReference keyName="WSDL type" keyValue="binding" tModelKey="uddi:uddi.org:wsdl:types"/><ns4:keyedReference keyName="portType Reference" keyValue="uddi:f8740229-0ee7-4455-f110-e229ccd73f9b" tModelKey="uddi:uddi.org:wsdl:porttypereference"/><ns4:keyedReference keyName="uddi-org:types" keyValue="wsdlSpec" tModelKey="uddi:uddi.org:categorization:types"/></ns4:categoryBag></ns4:tModel><ns8:BindingWsdlUri>wsdls/uddi_64606179-b7d9-a827-117b-a9f6d17bf5b6.wsdl</ns8:BindingWsdlUri></ns8:ExportBinding></ns8:ExportObjectConfiguration><ns8:ExportObjectConfiguration><ns2:BindingKey><ns2:Key>uddi:ec24fd7d-e934-befa-c152-7cbd2229812d</ns2:Key><ns2:BindingQName>{https://www.googleapis.com/oauth2/v3}Google_Auth_API_Binding</ns2:BindingQName><ns2:BindingType>binding.http</ns2:BindingType></ns2:BindingKey><ns8:ExportBinding><ns4:tModel deleted="false" tModelKey="uddi:ec24fd7d-e934-befa-c152-7cbd2229812d"><ns4:name>Google_Auth_API_Binding</ns4:name><ns4:categoryBag><ns4:keyedReference keyName="uddi-org:types" keyValue="wsdlSpec" tModelKey="uddi:uddi.org:categorization:types"/><ns4:keyedReference keyName="portType Reference" keyValue="uddi:1d873bff-958d-a5f4-59f7-4aacb94c8fbd" tModelKey="uddi:uddi.org:wsdl:porttypereference"/><ns4:keyedReference keyName="WSDL type" keyValue="binding" tModelKey="uddi:uddi.org:wsdl:types"/><ns4:keyedReference keyName="binding namespace" keyValue="https://www.googleapis.com/oauth2/v3" tModelKey="uddi:uddi.org:xml:namespace"/></ns4:categoryBag></ns4:tModel><ns8:BindingWsdlUri>wsdls/uddi_ec24fd7d-e934-befa-c152-7cbd2229812d.wsdl</ns8:BindingWsdlUri></ns8:ExportBinding></ns8:ExportObjectConfiguration><ns8:ExportObjectConfiguration><ns2:ServiceKey><ns2:Key>uddi:9c640d9a-b64c-11e4-9c29-d6275be28ced</ns2:Key><ns2:ServiceQName>{http://www.soa.com/google/trialleads}TrialLeads_API_Binding</ns2:ServiceQName></ns2:ServiceKey><ns8:ExportService><VirtualService BusinessKey="uddi:9adb52b6-b649-11e4-9c29-d6275be28ced" ServiceKey="uddi:9c640d9a-b64c-11e4-9c29-d6275be28ced" WsdlServiceLocalName="TrialLeads_API_Binding" WsdlTargetNamespaceUrl="http://www.soa.com/google/trialleads"><Name>TrialLeads_API_Google</Name><Description></Description><Operations><LogicalOperation InterfaceName="{http://www.soa.com/trialleads}TrialLeads_API_PortType" ManagementState="Enabled" NumOfVirtualizedOperations="0" OperationKey="9ca50e41-b64c-11e4-9c29-d6275be28ced" OperationLastUpdatedAt="2015-02-22T07:01:48.340Z" OperationName="GET /leads" PolicyAvailable="true" ServiceKey="uddi:9c640d9a-b64c-11e4-9c29-d6275be28ced" WsdlOperationName="GET__leads"/><LogicalOperation InterfaceName="{http://www.soa.com/trialleads}TrialLeads_API_PortType" ManagementState="Enabled" NextHopOperationKey="uddi:7419dd65-6e92-11e4-8fed-dad2b3c7c30a$$${https://login.salesforce.com/services/oauth2}SalesforceAuthentication_PortType$$$POST__token" NextHopOperationName="POST /sobjects/Lead" NextHopServiceKey="uddi:25734f6f-71c4-11e4-b9af-fdd44115e303" NextHopServiceName="SalesforceV20_API" NumOfVirtualizedOperations="0" OperationKey="9ca2762e-b64c-11e4-9c29-d6275be28ced" OperationLastUpdatedAt="2015-02-22T07:01:48.340Z" OperationName="POST /leads" PolicyAvailable="true" ServiceKey="uddi:9c640d9a-b64c-11e4-9c29-d6275be28ced" WsdlOperationName="POST__leads"><NextHopOperation InterfaceName="{https://na4.salesforce.com/services/data/v20.0/}SalesforceV20_API_PortType" OperationKey="edd0dab6-97c0-11e4-bfec-8fb3ddad882e" OperationLastUpdatedAt="2015-01-09T05:32:41.970Z" OperationName="POST /sobjects/Lead" ServiceKey="uddi:25734f6f-71c4-11e4-b9af-fdd44115e303" ServiceName="SalesforceV20_API" WsdlOperationName="POST__sobjects_Lead"/></LogicalOperation></Operations></VirtualService><ns4:businessService businessKey="uddi:9adb52b6-b649-11e4-9c29-d6275be28ced" serviceKey="uddi:9c640d9a-b64c-11e4-9c29-d6275be28ced"><ns4:name>TrialLeads_API_Google</ns4:name><ns4:bindingTemplates><ns4:bindingTemplate bindingKey="uddi:9cc3e0e5-b64c-11e4-9c29-d6275be28ced" serviceKey="uddi:9c640d9a-b64c-11e4-9c29-d6275be28ced"><ns4:accessPoint useType="endPoint">http://win7-64-vm:80/GoogleLeads</ns4:accessPoint><ns4:tModelInstanceDetails><ns4:tModelInstanceInfo tModelKey="uddi:42abd95a-9ff0-91d3-86c4-d67d04e098f0"><ns4:description>The wsdl:binding that this wsdl:port implements. The instanceParms specifies the port local name.</ns4:description><ns4:instanceDetails><ns4:instanceParms>HTTP</ns4:instanceParms></ns4:instanceDetails></ns4:tModelInstanceInfo><ns4:tModelInstanceInfo tModelKey="uddi:d20279c4-855f-b85a-8e68-a4e710409060"><ns4:description>The wsdl:portType that this wsdl:port implements.</ns4:description></ns4:tModelInstanceInfo></ns4:tModelInstanceDetails><ns4:categoryBag><ns4:keyedReference keyName="WSDL type" keyValue="port" tModelKey="uddi:uddi.org:wsdl:types"/><ns4:keyedReferenceGroup tModelKey="uddi:soa.com:serviceendpoint:group"><ns4:keyedReference keyName="containerKey" keyValue="ND-Cluster" tModelKey="uddi:soa.com:serviceendpoint:containername"/><ns4:keyedReference keyName="listenerName" keyValue="default-http0" tModelKey="uddi:soa.com:serviceendpoint:listenername"/></ns4:keyedReferenceGroup></ns4:categoryBag></ns4:bindingTemplate></ns4:bindingTemplates><ns4:categoryBag><ns4:keyedReference keyName="Virtual Service" keyValue="Virtual Service" tModelKey="uddi:digev.com:categorization:services"/><ns4:keyedReference keyName="Design" keyValue="Design" tModelKey="uddi:soa.com:servicelifecyclestage"/><ns4:keyedReference keyName="WSDL type" keyValue="service" tModelKey="uddi:uddi.org:wsdl:types"/><ns4:keyedReference keyName="service namespace" keyValue="http://www.soa.com/google/trialleads" tModelKey="uddi:uddi.org:xml:namespace"/><ns4:keyedReference keyName="service local name" keyValue="TrialLeads_API_Binding" tModelKey="uddi:uddi.org:xml:localname"/><ns4:keyedReference keyName="Managed Service" keyValue="Managed Service" tModelKey="uddi:digev.com:categorization:services"/><ns4:keyedReferenceGroup tModelKey="uddi:soa.com:service:group"/></ns4:categoryBag></ns4:businessService><ns8:ExportServiceEndpoint><ns7:ServiceEndpoint><ns7:ServiceKey>uddi:9c640d9a-b64c-11e4-9c29-d6275be28ced</ns7:ServiceKey><ns7:Name>uddi:9cc3e0e5-b64c-11e4-9c29-d6275be28ced</ns7:Name><ns7:Url>http://win7-64-vm:80/GoogleLeads</ns7:Url><ns7:BindingQName>{http://www.soa.com/trialleads}Google_TrialLeads</ns7:BindingQName><ns7:PortName>HTTP</ns7:PortName><ns7:Protocol>http</ns7:Protocol><ns7:ContainerKey>ND-Cluster</ns7:ContainerKey><ns7:ListenerName>default-http0</ns7:ListenerName></ns7:ServiceEndpoint><ns8:EndpointWsdlUri>wsdls/uddi_9cc3e0e5-b64c-11e4-9c29-d6275be28ced.wsdl</ns8:EndpointWsdlUri></ns8:ExportServiceEndpoint><ns8:BpelUri>services/uddi_9c640d9a-b64c-11e4-9c29-d6275be28ced/bpel.xml</ns8:BpelUri><ns8:ManagementUri>services/uddi_9c640d9a-b64c-11e4-9c29-d6275be28ced/management.xml</ns8:ManagementUri></ns8:ExportService></ns8:ExportObjectConfiguration><ns8:ExportObjectConfiguration><ns2:ServiceKey><ns2:Key>uddi:5a0e7613-b25c-11e4-9d14-dc40c838bd18</ns2:Key><ns2:ServiceQName>{https://www.googleapis.com/drive/v2}Google_Drive_API.raml</ns2:ServiceQName></ns2:ServiceKey><ns8:ExportService><PhysicalService BusinessKey="uddi:9adb52b6-b649-11e4-9c29-d6275be28ced" Discovered="false" ServiceKey="uddi:5a0e7613-b25c-11e4-9d14-dc40c838bd18" WsdlServiceLocalName="Google_Drive_API.raml" WsdlTargetNamespaceUrl="https://www.googleapis.com/drive/v2"><Name>Google_Drive_API</Name><Description></Description><Operations><Operation InterfaceName="{https://www.googleapis.com/drive/v2}Google_Drive_API.raml_PortType" ManagementState="Enabled" NumOfVirtualizedOperations="1" OperationKey="5a6ebe91-b25c-11e4-9d14-dc40c838bd18" OperationLastUpdatedAt="2015-02-12T02:10:46.057Z" OperationName="DELETE /files/{fileId}" PolicyAvailable="true" ServiceKey="uddi:5a0e7613-b25c-11e4-9d14-dc40c838bd18" WsdlOperationName="DELETE__files__fileId_"/><Operation InterfaceName="{https://www.googleapis.com/drive/v2}Google_Drive_API.raml_PortType" ManagementState="Enabled" NumOfVirtualizedOperations="0" OperationKey="5a7d3dad-b25c-11e4-9d14-dc40c838bd18" OperationLastUpdatedAt="2015-02-12T02:10:46.057Z" OperationName="DELETE /files/{fileId}/comments/{commentId}" PolicyAvailable="true" ServiceKey="uddi:5a0e7613-b25c-11e4-9d14-dc40c838bd18" WsdlOperationName="DELETE__files__fileId__comments__commentId_"/><Operation InterfaceName="{https://www.googleapis.com/drive/v2}Google_Drive_API.raml_PortType" ManagementState="Enabled" NumOfVirtualizedOperations="0" OperationKey="5a80c028-b25c-11e4-9d14-dc40c838bd18" OperationLastUpdatedAt="2015-02-12T02:10:46.057Z" OperationName="DELETE /files/{fileId}/comments/{commentId}/replies/{replyId}" PolicyAvailable="true" ServiceKey="uddi:5a0e7613-b25c-11e4-9d14-dc40c838bd18" WsdlOperationName="DELETE__files__fileId__comments__commentId__replies__replyId_"/><Operation InterfaceName="{https://www.googleapis.com/drive/v2}Google_Drive_API.raml_PortType" ManagementState="Enabled" NumOfVirtualizedOperations="0" OperationKey="5a712f97-b25c-11e4-9d14-dc40c838bd18" OperationLastUpdatedAt="2015-02-12T02:10:46.057Z" OperationName="DELETE /files/{fileId}/parents/{parentId}" PolicyAvailable="true" ServiceKey="uddi:5a0e7613-b25c-11e4-9d14-dc40c838bd18" WsdlOperationName="DELETE__files__fileId__parents__parentId_"/><Operation InterfaceName="{https://www.googleapis.com/drive/v2}Google_Drive_API.raml_PortType" ManagementState="Enabled" NumOfVirtualizedOperations="0" OperationKey="5a77713a-b25c-11e4-9d14-dc40c838bd18" OperationLastUpdatedAt="2015-02-12T02:10:46.057Z" OperationName="DELETE /files/{fileId}/permissions/{permissionId}" PolicyAvailable="true" ServiceKey="uddi:5a0e7613-b25c-11e4-9d14-dc40c838bd18" WsdlOperationName="DELETE__files__fileId__permissions__permissionId_"/><Operation InterfaceName="{https://www.googleapis.com/drive/v2}Google_Drive_API.raml_PortType" ManagementState="Enabled" NumOfVirtualizedOperations="0" OperationKey="5a73c7af-b25c-11e4-9d14-dc40c838bd18" OperationLastUpdatedAt="2015-02-12T02:10:46.057Z" OperationName="DELETE /files/{fileId}/properties/{propertyKey}" PolicyAvailable="true" ServiceKey="uddi:5a0e7613-b25c-11e4-9d14-dc40c838bd18" WsdlOperationName="DELETE__files__fileId__properties__propertyKey_"/><Operation InterfaceName="{https://www.googleapis.com/drive/v2}Google_Drive_API.raml_PortType" ManagementState="Enabled" NumOfVirtualizedOperations="0" OperationKey="5a84b7d5-b25c-11e4-9d14-dc40c838bd18" OperationLastUpdatedAt="2015-02-12T02:10:46.057Z" OperationName="DELETE /files/{fileId}/revisions/{revisionId}" PolicyAvailable="true" ServiceKey="uddi:5a0e7613-b25c-11e4-9d14-dc40c838bd18" WsdlOperationName="DELETE__files__fileId__revisions__revisionId_"/><Operation InterfaceName="{https://www.googleapis.com/drive/v2}Google_Drive_API.raml_PortType" ManagementState="Enabled" NumOfVirtualizedOperations="0" OperationKey="5a7af3b5-b25c-11e4-9d14-dc40c838bd18" OperationLastUpdatedAt="2015-02-12T02:10:46.057Z" OperationName="DELETE /files/{fileId}/trash" PolicyAvailable="true" ServiceKey="uddi:5a0e7613-b25c-11e4-9d14-dc40c838bd18" WsdlOperationName="DELETE__files__fileId__trash"/><Operation InterfaceName="{https://www.googleapis.com/drive/v2}Google_Drive_API.raml_PortType" ManagementState="Enabled" NumOfVirtualizedOperations="0" OperationKey="5a87ec30-b25c-11e4-9d14-dc40c838bd18" OperationLastUpdatedAt="2015-02-12T02:10:46.057Z" OperationName="DELETE /files/{folderId}/children/{childId}" PolicyAvailable="true" ServiceKey="uddi:5a0e7613-b25c-11e4-9d14-dc40c838bd18" WsdlOperationName="DELETE__files__folderId__children__childId_"/><Operation InterfaceName="{https://www.googleapis.com/drive/v2}Google_Drive_API.raml_PortType" ManagementState="Enabled" NumOfVirtualizedOperations="0" OperationKey="5a88fda3-b25c-11e4-9d14-dc40c838bd18" OperationLastUpdatedAt="2015-02-12T02:10:46.057Z" OperationName="GET /about" PolicyAvailable="true" ServiceKey="uddi:5a0e7613-b25c-11e4-9d14-dc40c838bd18" WsdlOperationName="GET__about"/><Operation InterfaceName="{https://www.googleapis.com/drive/v2}Google_Drive_API.raml_PortType" ManagementState="Enabled" NumOfVirtualizedOperations="0" OperationKey="5a8eca0f-b25c-11e4-9d14-dc40c838bd18" OperationLastUpdatedAt="2015-02-12T02:10:46.057Z" OperationName="GET /apps" PolicyAvailable="true" ServiceKey="uddi:5a0e7613-b25c-11e4-9d14-dc40c838bd18" WsdlOperationName="GET__apps"/><Operation InterfaceName="{https://www.googleapis.com/drive/v2}Google_Drive_API.raml_PortType" ManagementState="Enabled" NumOfVirtualizedOperations="0" OperationKey="5a8f6651-b25c-11e4-9d14-dc40c838bd18" OperationLastUpdatedAt="2015-02-12T02:10:46.057Z" OperationName="GET /apps/{appId}" PolicyAvailable="true" ServiceKey="uddi:5a0e7613-b25c-11e4-9d14-dc40c838bd18" WsdlOperationName="GET__apps__appId_"/><Operation InterfaceName="{https://www.googleapis.com/drive/v2}Google_Drive_API.raml_PortType" ManagementState="Enabled" NumOfVirtualizedOperations="0" OperationKey="5a89c0f5-b25c-11e4-9d14-dc40c838bd18" OperationLastUpdatedAt="2015-02-12T02:10:46.057Z" OperationName="GET /changes" PolicyAvailable="true" ServiceKey="uddi:5a0e7613-b25c-11e4-9d14-dc40c838bd18" WsdlOperationName="GET__changes"/><Operation InterfaceName="{https://www.googleapis.com/drive/v2}Google_Drive_API.raml_PortType" ManagementState="Enabled" NumOfVirtualizedOperations="0" OperationKey="5a8d918b-b25c-11e4-9d14-dc40c838bd18" OperationLastUpdatedAt="2015-02-12T02:10:46.057Z" OperationName="GET /changes/{changeId}" PolicyAvailable="true" ServiceKey="uddi:5a0e7613-b25c-11e4-9d14-dc40c838bd18" WsdlOperationName="GET__changes__changeId_"/><Operation InterfaceName="{https://www.googleapis.com/drive/v2}Google_Drive_API.raml_PortType" ManagementState="Enabled" NumOfVirtualizedOperations="2" OperationKey="5a698e67-b25c-11e4-9d14-dc40c838bd18" OperationLastUpdatedAt="2015-02-12T02:10:46.057Z" OperationName="GET /files" PolicyAvailable="true" ServiceKey="uddi:5a0e7613-b25c-11e4-9d14-dc40c838bd18" WsdlOperationName="GET__files"/><Operation InterfaceName="{https://www.googleapis.com/drive/v2}Google_Drive_API.raml_PortType" ManagementState="Enabled" NumOfVirtualizedOperations="0" OperationKey="5a6d860c-b25c-11e4-9d14-dc40c838bd18" OperationLastUpdatedAt="2015-02-12T02:10:46.057Z" OperationName="GET /files/{fileId}" PolicyAvailable="true" ServiceKey="uddi:5a0e7613-b25c-11e4-9d14-dc40c838bd18" WsdlOperationName="GET__files__fileId_"/><Operation InterfaceName="{https://www.googleapis.com/drive/v2}Google_Drive_API.raml_PortType" ManagementState="Enabled" NumOfVirtualizedOperations="0" OperationKey="5a7c0528-b25c-11e4-9d14-dc40c838bd18" OperationLastUpdatedAt="2015-02-12T02:10:46.057Z" OperationName="GET /files/{fileId}/comments" PolicyAvailable="true" ServiceKey="uddi:5a0e7613-b25c-11e4-9d14-dc40c838bd18" WsdlOperationName="GET__files__fileId__comments"/><Operation InterfaceName="{https://www.googleapis.com/drive/v2}Google_Drive_API.raml_PortType" ManagementState="Enabled" NumOfVirtualizedOperations="0" OperationKey="5a7dd9ee-b25c-11e4-9d14-dc40c838bd18" OperationLastUpdatedAt="2015-02-12T02:10:46.057Z" OperationName="GET /files/{fileId}/comments/{commentId}" PolicyAvailable="true" ServiceKey="uddi:5a0e7613-b25c-11e4-9d14-dc40c838bd18" WsdlOperationName="GET__files__fileId__comments__commentId_"/><Operation InterfaceName="{https://www.googleapis.com/drive/v2}Google_Drive_API.raml_PortType" ManagementState="Enabled" NumOfVirtualizedOperations="0" OperationKey="5a7f3983-b25c-11e4-9d14-dc40c838bd18" OperationLastUpdatedAt="2015-02-12T02:10:46.057Z" OperationName="GET /files/{fileId}/comments/{commentId}/replies" PolicyAvailable="true" ServiceKey="uddi:5a0e7613-b25c-11e4-9d14-dc40c838bd18" WsdlOperationName="GET__files__fileId__comments__commentId__replies"/><Operation InterfaceName="{https://www.googleapis.com/drive/v2}Google_Drive_API.raml_PortType" ManagementState="Enabled" NumOfVirtualizedOperations="0" OperationKey="5a818379-b25c-11e4-9d14-dc40c838bd18" OperationLastUpdatedAt="2015-02-12T02:10:46.057Z" OperationName="GET /files/{fileId}/comments/{commentId}/replies/{replyId}" PolicyAvailable="true" ServiceKey="uddi:5a0e7613-b25c-11e4-9d14-dc40c838bd18" WsdlOperationName="GET__files__fileId__comments__commentId__replies__replyId_"/><Operation InterfaceName="{https://www.googleapis.com/drive/v2}Google_Drive_API.raml_PortType" ManagementState="Enabled" NumOfVirtualizedOperations="0" OperationKey="5a6f5ad2-b25c-11e4-9d14-dc40c838bd18" OperationLastUpdatedAt="2015-02-12T02:10:46.057Z" OperationName="GET /files/{fileId}/parents" PolicyAvailable="true" ServiceKey="uddi:5a0e7613-b25c-11e4-9d14-dc40c838bd18" WsdlOperationName="GET__files__fileId__parents"/><Operation InterfaceName="{https://www.googleapis.com/drive/v2}Google_Drive_API.raml_PortType" ManagementState="Enabled" NumOfVirtualizedOperations="0" OperationKey="5a71cbd8-b25c-11e4-9d14-dc40c838bd18" OperationLastUpdatedAt="2015-02-12T02:10:46.057Z" OperationName="GET /files/{fileId}/parents/{parentId}" PolicyAvailable="true" ServiceKey="uddi:5a0e7613-b25c-11e4-9d14-dc40c838bd18" WsdlOperationName="GET__files__fileId__parents__parentId_"/><Operation InterfaceName="{https://www.googleapis.com/drive/v2}Google_Drive_API.raml_PortType" ManagementState="Enabled" NumOfVirtualizedOperations="0" OperationKey="5a7611a5-b25c-11e4-9d14-dc40c838bd18" OperationLastUpdatedAt="2015-02-12T02:10:46.057Z" OperationName="GET /files/{fileId}/permissions" PolicyAvailable="true" ServiceKey="uddi:5a0e7613-b25c-11e4-9d14-dc40c838bd18" WsdlOperationName="GET__files__fileId__permissions"/><Operation InterfaceName="{https://www.googleapis.com/drive/v2}Google_Drive_API.raml_PortType" ManagementState="Enabled" NumOfVirtualizedOperations="0" OperationKey="5a78348b-b25c-11e4-9d14-dc40c838bd18" OperationLastUpdatedAt="2015-02-12T02:10:46.057Z" OperationName="GET /files/{fileId}/permissions/{permissionId}" PolicyAvailable="true" ServiceKey="uddi:5a0e7613-b25c-11e4-9d14-dc40c838bd18" WsdlOperationName="GET__files__fileId__permissions__permissionId_"/><Operation InterfaceName="{https://www.googleapis.com/drive/v2}Google_Drive_API.raml_PortType" ManagementState="Enabled" NumOfVirtualizedOperations="0" OperationKey="5a72681a-b25c-11e4-9d14-dc40c838bd18" OperationLastUpdatedAt="2015-02-12T02:10:46.057Z" OperationName="GET /files/{fileId}/properties" PolicyAvailable="true" ServiceKey="uddi:5a0e7613-b25c-11e4-9d14-dc40c838bd18" WsdlOperationName="GET__files__fileId__properties"/><Operation InterfaceName="{https://www.googleapis.com/drive/v2}Google_Drive_API.raml_PortType" ManagementState="Enabled" NumOfVirtualizedOperations="0" OperationKey="5a7463f0-b25c-11e4-9d14-dc40c838bd18" OperationLastUpdatedAt="2015-02-12T02:10:46.057Z" OperationName="GET /files/{fileId}/properties/{propertyKey}" PolicyAvailable="true" ServiceKey="uddi:5a0e7613-b25c-11e4-9d14-dc40c838bd18" WsdlOperationName="GET__files__fileId__properties__propertyKey_"/><Operation InterfaceName="{https://www.googleapis.com/drive/v2}Google_Drive_API.raml_PortType" ManagementState="Enabled" NumOfVirtualizedOperations="0" OperationKey="5a841b93-b25c-11e4-9d14-dc40c838bd18" OperationLastUpdatedAt="2015-02-12T02:10:46.057Z" OperationName="GET /files/{fileId}/revisions" PolicyAvailable="true" ServiceKey="uddi:5a0e7613-b25c-11e4-9d14-dc40c838bd18" WsdlOperationName="GET__files__fileId__revisions"/><Operation InterfaceName="{https://www.googleapis.com/drive/v2}Google_Drive_API.raml_PortType" ManagementState="Enabled" NumOfVirtualizedOperations="0" OperationKey="5a855416-b25c-11e4-9d14-dc40c838bd18" OperationLastUpdatedAt="2015-02-12T02:10:46.057Z" OperationName="GET /files/{fileId}/revisions/{revisionId}" PolicyAvailable="true" ServiceKey="uddi:5a0e7613-b25c-11e4-9d14-dc40c838bd18" WsdlOperationName="GET__files__fileId__revisions__revisionId_"/><Operation InterfaceName="{https://www.googleapis.com/drive/v2}Google_Drive_API.raml_PortType" ManagementState="Enabled" NumOfVirtualizedOperations="0" OperationKey="5a868c9b-b25c-11e4-9d14-dc40c838bd18" OperationLastUpdatedAt="2015-02-12T02:10:46.057Z" OperationName="GET /files/{folderId}/children" PolicyAvailable="true" ServiceKey="uddi:5a0e7613-b25c-11e4-9d14-dc40c838bd18" WsdlOperationName="GET__files__folderId__children"/><Operation InterfaceName="{https://www.googleapis.com/drive/v2}Google_Drive_API.raml_PortType" ManagementState="Enabled" NumOfVirtualizedOperations="0" OperationKey="5a886161-b25c-11e4-9d14-dc40c838bd18" OperationLastUpdatedAt="2015-02-12T02:10:46.057Z" OperationName="GET /files/{folderId}/children/{childId}" PolicyAvailable="true" ServiceKey="uddi:5a0e7613-b25c-11e4-9d14-dc40c838bd18" WsdlOperationName="GET__files__folderId__children__childId_"/><Operation InterfaceName="{https://www.googleapis.com/drive/v2}Google_Drive_API.raml_PortType" ManagementState="Enabled" NumOfVirtualizedOperations="0" OperationKey="5a8e2dcd-b25c-11e4-9d14-dc40c838bd18" OperationLastUpdatedAt="2015-02-12T02:10:46.057Z" OperationName="GET /permissionIds/{email}" PolicyAvailable="true" ServiceKey="uddi:5a0e7613-b25c-11e4-9d14-dc40c838bd18" WsdlOperationName="GET__permissionIds__email_"/><Operation InterfaceName="{https://www.googleapis.com/drive/v2}Google_Drive_API.raml_PortType" ManagementState="Enabled" NumOfVirtualizedOperations="0" OperationKey="5a8cce38-b25c-11e4-9d14-dc40c838bd18" OperationLastUpdatedAt="2015-02-12T02:10:46.057Z" OperationName="POST /changes" PolicyAvailable="true" ServiceKey="uddi:5a0e7613-b25c-11e4-9d14-dc40c838bd18" WsdlOperationName="POST__changes"/><Operation InterfaceName="{https://www.googleapis.com/drive/v2}Google_Drive_API.raml_PortType" ManagementState="Enabled" NumOfVirtualizedOperations="0" OperationKey="5a900293-b25c-11e4-9d14-dc40c838bd18" OperationLastUpdatedAt="2015-02-12T02:10:46.057Z" OperationName="POST /channels/stop" PolicyAvailable="true" ServiceKey="uddi:5a0e7613-b25c-11e4-9d14-dc40c838bd18" WsdlOperationName="POST__channels_stop"/><Operation InterfaceName="{https://www.googleapis.com/drive/v2}Google_Drive_API.raml_PortType" ManagementState="Enabled" NumOfVirtualizedOperations="2" OperationKey="5a6c9ba9-b25c-11e4-9d14-dc40c838bd18" OperationLastUpdatedAt="2015-02-12T02:10:46.057Z" OperationName="POST /files" PolicyAvailable="true" ServiceKey="uddi:5a0e7613-b25c-11e4-9d14-dc40c838bd18" WsdlOperationName="POST__files"/><Operation InterfaceName="{https://www.googleapis.com/drive/v2}Google_Drive_API.raml_PortType" ManagementState="Enabled" NumOfVirtualizedOperations="0" OperationKey="5a7ca16a-b25c-11e4-9d14-dc40c838bd18" OperationLastUpdatedAt="2015-02-12T02:10:46.057Z" OperationName="POST /files/{fileId}/comments" PolicyAvailable="true" ServiceKey="uddi:5a0e7613-b25c-11e4-9d14-dc40c838bd18" WsdlOperationName="POST__files__fileId__comments"/><Operation InterfaceName="{https://www.googleapis.com/drive/v2}Google_Drive_API.raml_PortType" ManagementState="Enabled" NumOfVirtualizedOperations="0" OperationKey="5a8023e5-b25c-11e4-9d14-dc40c838bd18" OperationLastUpdatedAt="2015-02-12T02:10:46.057Z" OperationName="POST /files/{fileId}/comments/{commentId}/replies" PolicyAvailable="true" ServiceKey="uddi:5a0e7613-b25c-11e4-9d14-dc40c838bd18" WsdlOperationName="POST__files__fileId__comments__commentId__replies"/><Operation InterfaceName="{https://www.googleapis.com/drive/v2}Google_Drive_API.raml_PortType" ManagementState="Enabled" NumOfVirtualizedOperations="0" OperationKey="5a796d10-b25c-11e4-9d14-dc40c838bd18" OperationLastUpdatedAt="2015-02-12T02:10:46.057Z" OperationName="POST /files/{fileId}/copy" PolicyAvailable="true" ServiceKey="uddi:5a0e7613-b25c-11e4-9d14-dc40c838bd18" WsdlOperationName="POST__files__fileId__copy"/><Operation InterfaceName="{https://www.googleapis.com/drive/v2}Google_Drive_API.raml_PortType" ManagementState="Enabled" NumOfVirtualizedOperations="0" OperationKey="5a701e24-b25c-11e4-9d14-dc40c838bd18" OperationLastUpdatedAt="2015-02-12T02:10:46.057Z" OperationName="POST /files/{fileId}/parents" PolicyAvailable="true" ServiceKey="uddi:5a0e7613-b25c-11e4-9d14-dc40c838bd18" WsdlOperationName="POST__files__fileId__parents"/><Operation InterfaceName="{https://www.googleapis.com/drive/v2}Google_Drive_API.raml_PortType" ManagementState="Enabled" NumOfVirtualizedOperations="0" OperationKey="5a76ade7-b25c-11e4-9d14-dc40c838bd18" OperationLastUpdatedAt="2015-02-12T02:10:46.057Z" OperationName="POST /files/{fileId}/permissions" PolicyAvailable="true" ServiceKey="uddi:5a0e7613-b25c-11e4-9d14-dc40c838bd18" WsdlOperationName="POST__files__fileId__permissions"/><Operation InterfaceName="{https://www.googleapis.com/drive/v2}Google_Drive_API.raml_PortType" ManagementState="Enabled" NumOfVirtualizedOperations="0" OperationKey="5a732b6c-b25c-11e4-9d14-dc40c838bd18" OperationLastUpdatedAt="2015-02-12T02:10:46.057Z" OperationName="POST /files/{fileId}/properties" PolicyAvailable="true" ServiceKey="uddi:5a0e7613-b25c-11e4-9d14-dc40c838bd18" WsdlOperationName="POST__files__fileId__properties"/><Operation InterfaceName="{https://www.googleapis.com/drive/v2}Google_Drive_API.raml_PortType" ManagementState="Enabled" NumOfVirtualizedOperations="0" OperationKey="5a7b68e6-b25c-11e4-9d14-dc40c838bd18" OperationLastUpdatedAt="2015-02-12T02:10:46.057Z" OperationName="POST /files/{fileId}/touch" PolicyAvailable="true" ServiceKey="uddi:5a0e7613-b25c-11e4-9d14-dc40c838bd18" WsdlOperationName="POST__files__fileId__touch"/><Operation InterfaceName="{https://www.googleapis.com/drive/v2}Google_Drive_API.raml_PortType" ManagementState="Enabled" NumOfVirtualizedOperations="0" OperationKey="5a7a3063-b25c-11e4-9d14-dc40c838bd18" OperationLastUpdatedAt="2015-02-12T02:10:46.057Z" OperationName="POST /files/{fileId}/trash" PolicyAvailable="true" ServiceKey="uddi:5a0e7613-b25c-11e4-9d14-dc40c838bd18" WsdlOperationName="POST__files__fileId__trash"/><Operation InterfaceName="{https://www.googleapis.com/drive/v2}Google_Drive_API.raml_PortType" ManagementState="Enabled" NumOfVirtualizedOperations="0" OperationKey="5a837f51-b25c-11e4-9d14-dc40c838bd18" OperationLastUpdatedAt="2015-02-12T02:10:46.057Z" OperationName="POST /files/{fileId}/untrash" PolicyAvailable="true" ServiceKey="uddi:5a0e7613-b25c-11e4-9d14-dc40c838bd18" WsdlOperationName="POST__files__fileId__untrash"/><Operation InterfaceName="{https://www.googleapis.com/drive/v2}Google_Drive_API.raml_PortType" ManagementState="Enabled" NumOfVirtualizedOperations="0" OperationKey="5a82bbfe-b25c-11e4-9d14-dc40c838bd18" OperationLastUpdatedAt="2015-02-12T02:10:46.057Z" OperationName="POST /files/{fileId}/watch" PolicyAvailable="true" ServiceKey="uddi:5a0e7613-b25c-11e4-9d14-dc40c838bd18" WsdlOperationName="POST__files__fileId__watch"/><Operation InterfaceName="{https://www.googleapis.com/drive/v2}Google_Drive_API.raml_PortType" ManagementState="Enabled" NumOfVirtualizedOperations="0" OperationKey="5a8728dd-b25c-11e4-9d14-dc40c838bd18" OperationLastUpdatedAt="2015-02-12T02:10:46.057Z" OperationName="POST /files/{folderId}/children" PolicyAvailable="true" ServiceKey="uddi:5a0e7613-b25c-11e4-9d14-dc40c838bd18" WsdlOperationName="POST__files__folderId__children"/><Operation InterfaceName="{https://www.googleapis.com/drive/v2}Google_Drive_API.raml_PortType" ManagementState="Enabled" NumOfVirtualizedOperations="0" OperationKey="5a6e224e-b25c-11e4-9d14-dc40c838bd18" OperationLastUpdatedAt="2015-02-12T02:10:46.057Z" OperationName="PUT /files/{fileId}" PolicyAvailable="true" ServiceKey="uddi:5a0e7613-b25c-11e4-9d14-dc40c838bd18" WsdlOperationName="PUT__files__fileId_"/><Operation InterfaceName="{https://www.googleapis.com/drive/v2}Google_Drive_API.raml_PortType" ManagementState="Enabled" NumOfVirtualizedOperations="0" OperationKey="5a7e7630-b25c-11e4-9d14-dc40c838bd18" OperationLastUpdatedAt="2015-02-12T02:10:46.057Z" OperationName="PUT /files/{fileId}/comments/{commentId}" PolicyAvailable="true" ServiceKey="uddi:5a0e7613-b25c-11e4-9d14-dc40c838bd18" WsdlOperationName="PUT__files__fileId__comments__commentId_"/><Operation InterfaceName="{https://www.googleapis.com/drive/v2}Google_Drive_API.raml_PortType" ManagementState="Enabled" NumOfVirtualizedOperations="0" OperationKey="5a821fbb-b25c-11e4-9d14-dc40c838bd18" OperationLastUpdatedAt="2015-02-12T02:10:46.057Z" OperationName="PUT /files/{fileId}/comments/{commentId}/replies/{replyId}" PolicyAvailable="true" ServiceKey="uddi:5a0e7613-b25c-11e4-9d14-dc40c838bd18" WsdlOperationName="PUT__files__fileId__comments__commentId__replies__replyId_"/><Operation InterfaceName="{https://www.googleapis.com/drive/v2}Google_Drive_API.raml_PortType" ManagementState="Enabled" NumOfVirtualizedOperations="0" OperationKey="5a78d0cd-b25c-11e4-9d14-dc40c838bd18" OperationLastUpdatedAt="2015-02-12T02:10:46.057Z" OperationName="PUT /files/{fileId}/permissions/{permissionId}" PolicyAvailable="true" ServiceKey="uddi:5a0e7613-b25c-11e4-9d14-dc40c838bd18" WsdlOperationName="PUT__files__fileId__permissions__permissionId_"/><Operation InterfaceName="{https://www.googleapis.com/drive/v2}Google_Drive_API.raml_PortType" ManagementState="Enabled" NumOfVirtualizedOperations="0" OperationKey="5a754e52-b25c-11e4-9d14-dc40c838bd18" OperationLastUpdatedAt="2015-02-12T02:10:46.057Z" OperationName="PUT /files/{fileId}/properties/{propertyKey}" PolicyAvailable="true" ServiceKey="uddi:5a0e7613-b25c-11e4-9d14-dc40c838bd18" WsdlOperationName="PUT__files__fileId__properties__propertyKey_"/><Operation InterfaceName="{https://www.googleapis.com/drive/v2}Google_Drive_API.raml_PortType" ManagementState="Enabled" NumOfVirtualizedOperations="0" OperationKey="5a85f058-b25c-11e4-9d14-dc40c838bd18" OperationLastUpdatedAt="2015-02-12T02:10:46.057Z" OperationName="PUT /files/{fileId}/revisions/{revisionId}" PolicyAvailable="true" ServiceKey="uddi:5a0e7613-b25c-11e4-9d14-dc40c838bd18" WsdlOperationName="PUT__files__fileId__revisions__revisionId_"/></Operations></PhysicalService><ns4:businessService businessKey="uddi:9adb52b6-b649-11e4-9c29-d6275be28ced" serviceKey="uddi:5a0e7613-b25c-11e4-9d14-dc40c838bd18"><ns4:name>Google_Drive_API</ns4:name><ns4:bindingTemplates><ns4:bindingTemplate bindingKey="uddi:5ae6fc68-b25c-11e4-9d14-dc40c838bd18" serviceKey="uddi:5a0e7613-b25c-11e4-9d14-dc40c838bd18"><ns4:accessPoint useType="endPoint">https://www.googleapis.com/drive/v2</ns4:accessPoint><ns4:tModelInstanceDetails><ns4:tModelInstanceInfo tModelKey="uddi:64606179-b7d9-a827-117b-a9f6d17bf5b6"><ns4:description>The wsdl:binding that this wsdl:port implements. The instanceParms specifies the port local name.</ns4:description><ns4:instanceDetails><ns4:instanceParms>Google_Drive_API.raml_port</ns4:instanceParms></ns4:instanceDetails></ns4:tModelInstanceInfo><ns4:tModelInstanceInfo tModelKey="uddi:f8740229-0ee7-4455-f110-e229ccd73f9b"><ns4:description>The wsdl:portType that this wsdl:port implements.</ns4:description></ns4:tModelInstanceInfo></ns4:tModelInstanceDetails><ns4:categoryBag><ns4:keyedReference keyName="WSDL type" keyValue="port" tModelKey="uddi:uddi.org:wsdl:types"/></ns4:categoryBag></ns4:bindingTemplate></ns4:bindingTemplates><ns4:categoryBag><ns4:keyedReference keyName="Design" keyValue="Design" tModelKey="uddi:soa.com:servicelifecyclestage"/><ns4:keyedReference keyName="1.0" keyValue="5b2234a1-26f0-47ed-af94-1db75810c6f2" tModelKey="uddi:soa.com:serviceversion"/><ns4:keyedReference keyName="WSDL type" keyValue="service" tModelKey="uddi:uddi.org:wsdl:types"/><ns4:keyedReference keyName="service namespace" keyValue="https://www.googleapis.com/drive/v2" tModelKey="uddi:uddi.org:xml:namespace"/><ns4:keyedReference keyName="service local name" keyValue="Google_Drive_API.raml" tModelKey="uddi:uddi.org:xml:localname"/><ns4:keyedReferenceGroup tModelKey="uddi:soa.com:service:group"/></ns4:categoryBag></ns4:businessService><ns8:ExportServiceEndpoint><ns7:ServiceEndpoint><ns7:ServiceKey>uddi:5a0e7613-b25c-11e4-9d14-dc40c838bd18</ns7:ServiceKey><ns7:Name>uddi:5ae6fc68-b25c-11e4-9d14-dc40c838bd18</ns7:Name><ns7:Url>https://www.googleapis.com/drive/v2</ns7:Url><ns7:BindingQName>{https://www.googleapis.com/drive/v2}Google_Drive_API.raml_Binding</ns7:BindingQName><ns7:PortName>Google_Drive_API.raml_port</ns7:PortName><ns7:Protocol>https</ns7:Protocol></ns7:ServiceEndpoint><ns8:EndpointWsdlUri>wsdls/uddi_5ae6fc68-b25c-11e4-9d14-dc40c838bd18.wsdl</ns8:EndpointWsdlUri></ns8:ExportServiceEndpoint></ns8:ExportService></ns8:ExportObjectConfiguration><ns8:ExportObjectConfiguration><ns2:ServiceKey><ns2:Key>uddi:2748c56d-b30b-11e4-a144-ca760559c5eb</ns2:Key><ns2:ServiceQName>{https://www.googleapis.com/upload/drive/v2}Google_Drive_Upload_API.raml</ns2:ServiceQName></ns2:ServiceKey><ns8:ExportService><PhysicalService BusinessKey="uddi:9adb52b6-b649-11e4-9c29-d6275be28ced" Discovered="false" ServiceKey="uddi:2748c56d-b30b-11e4-a144-ca760559c5eb" WsdlServiceLocalName="Google_Drive_Upload_API.raml" WsdlTargetNamespaceUrl="https://www.googleapis.com/upload/drive/v2"><Name>Google_Drive_Upload_API</Name><Description></Description><Operations><Operation InterfaceName="{https://www.googleapis.com/upload/drive/v2}Google_Drive_Upload_API.raml_PortType" ManagementState="Enabled" NumOfVirtualizedOperations="2" OperationKey="27a05b51-b30b-11e4-a144-ca760559c5eb" OperationLastUpdatedAt="2015-02-12T23:02:02.067Z" OperationName="POST /files" PolicyAvailable="true" ServiceKey="uddi:2748c56d-b30b-11e4-a144-ca760559c5eb" WsdlOperationName="POST__files"/></Operations></PhysicalService><ns4:businessService businessKey="uddi:9adb52b6-b649-11e4-9c29-d6275be28ced" serviceKey="uddi:2748c56d-b30b-11e4-a144-ca760559c5eb"><ns4:name>Google_Drive_Upload_API</ns4:name><ns4:bindingTemplates><ns4:bindingTemplate bindingKey="uddi:27b34714-b30b-11e4-a144-ca760559c5eb" serviceKey="uddi:2748c56d-b30b-11e4-a144-ca760559c5eb"><ns4:accessPoint useType="endPoint">https://www.googleapis.com/upload/drive/v2</ns4:accessPoint><ns4:tModelInstanceDetails><ns4:tModelInstanceInfo tModelKey="uddi:f6401129-03f3-096e-b9ab-ccff1f90ad34"><ns4:description>The wsdl:binding that this wsdl:port implements. The instanceParms specifies the port local name.</ns4:description><ns4:instanceDetails><ns4:instanceParms>Google_Drive_Upload_API.raml_port</ns4:instanceParms></ns4:instanceDetails></ns4:tModelInstanceInfo><ns4:tModelInstanceInfo tModelKey="uddi:b4b1ca78-0a1d-62b2-9738-8b5fb3430f79"><ns4:description>The wsdl:portType that this wsdl:port implements.</ns4:description></ns4:tModelInstanceInfo></ns4:tModelInstanceDetails><ns4:categoryBag><ns4:keyedReference keyName="WSDL type" keyValue="port" tModelKey="uddi:uddi.org:wsdl:types"/></ns4:categoryBag></ns4:bindingTemplate></ns4:bindingTemplates><ns4:categoryBag><ns4:keyedReference keyName="Design" keyValue="Design" tModelKey="uddi:soa.com:servicelifecyclestage"/><ns4:keyedReference keyName="1.0" keyValue="d0bc0d47-61bd-4b1c-bf0b-eeb7082c0ecc" tModelKey="uddi:soa.com:serviceversion"/><ns4:keyedReference keyName="WSDL type" keyValue="service" tModelKey="uddi:uddi.org:wsdl:types"/><ns4:keyedReference keyName="service namespace" keyValue="https://www.googleapis.com/upload/drive/v2" tModelKey="uddi:uddi.org:xml:namespace"/><ns4:keyedReference keyName="service local name" keyValue="Google_Drive_Upload_API.raml" tModelKey="uddi:uddi.org:xml:localname"/><ns4:keyedReferenceGroup tModelKey="uddi:soa.com:service:group"/></ns4:categoryBag></ns4:businessService><ns8:ExportServiceEndpoint><ns7:ServiceEndpoint><ns7:ServiceKey>uddi:2748c56d-b30b-11e4-a144-ca760559c5eb</ns7:ServiceKey><ns7:Name>uddi:27b34714-b30b-11e4-a144-ca760559c5eb</ns7:Name><ns7:Url>https://www.googleapis.com/upload/drive/v2</ns7:Url><ns7:BindingQName>{https://www.googleapis.com/upload/drive/v2}Google_Drive_Upload_API.raml_Binding</ns7:BindingQName><ns7:PortName>Google_Drive_Upload_API.raml_port</ns7:PortName><ns7:Protocol>https</ns7:Protocol></ns7:ServiceEndpoint><ns8:EndpointWsdlUri>wsdls/uddi_27b34714-b30b-11e4-a144-ca760559c5eb.wsdl</ns8:EndpointWsdlUri></ns8:ExportServiceEndpoint></ns8:ExportService></ns8:ExportObjectConfiguration><ns8:ExportObjectConfiguration><ns2:ServiceKey><ns2:Key>uddi:055b7b84-9fa1-11e4-bd8a-eaa1e8f31cf2</ns2:Key><ns2:ServiceQName>{https://www.googleapis.com/oauth2/v3}Google_Auth_API</ns2:ServiceQName></ns2:ServiceKey><ns8:ExportService><PhysicalService BusinessKey="uddi:9adb52b6-b649-11e4-9c29-d6275be28ced" Discovered="false" ServiceKey="uddi:055b7b84-9fa1-11e4-bd8a-eaa1e8f31cf2" WsdlServiceLocalName="Google_Auth_API" WsdlTargetNamespaceUrl="https://www.googleapis.com/oauth2/v3"><Name>Google_Auth_API</Name><Operations><Operation InterfaceName="{https://www.googleapis.com/oauth2/v3}Google_Auth_API_PortType" ManagementState="Enabled" NumOfVirtualizedOperations="2" OperationKey="5d597887-a3b5-11e4-8a06-a81d8436ea01" OperationLastUpdatedAt="2015-02-17T02:39:42.373Z" OperationName="POST /token" PolicyAvailable="true" ServiceKey="uddi:055b7b84-9fa1-11e4-bd8a-eaa1e8f31cf2" WsdlOperationName="POST__token"/></Operations></PhysicalService><ns4:businessService businessKey="uddi:9adb52b6-b649-11e4-9c29-d6275be28ced" serviceKey="uddi:055b7b84-9fa1-11e4-bd8a-eaa1e8f31cf2"><ns4:name>Google_Auth_API</ns4:name><ns4:bindingTemplates><ns4:bindingTemplate bindingKey="uddi:057f302b-9fa1-11e4-bd8a-eaa1e8f31cf2" serviceKey="uddi:055b7b84-9fa1-11e4-bd8a-eaa1e8f31cf2"><ns4:accessPoint useType="endPoint">https://www.googleapis.com/oauth2/v3/</ns4:accessPoint><ns4:tModelInstanceDetails><ns4:tModelInstanceInfo tModelKey="uddi:ec24fd7d-e934-befa-c152-7cbd2229812d"><ns4:description>The wsdl:binding that this wsdl:port implements. The instanceParms specifies the port local name.</ns4:description><ns4:instanceDetails><ns4:instanceParms>Google_Auth_API_port</ns4:instanceParms></ns4:instanceDetails></ns4:tModelInstanceInfo><ns4:tModelInstanceInfo tModelKey="uddi:1d873bff-958d-a5f4-59f7-4aacb94c8fbd"><ns4:description>The wsdl:portType that this wsdl:port implements.</ns4:description></ns4:tModelInstanceInfo></ns4:tModelInstanceDetails><ns4:categoryBag><ns4:keyedReference keyName="WSDL type" keyValue="port" tModelKey="uddi:uddi.org:wsdl:types"/><ns4:keyedReferenceGroup tModelKey="uddi:soa.com:serviceendpoint:connprops:group"><ns4:keyedReference keyName="http.version" keyValue="Unspecified" tModelKey="uddi:soa.com:serviceendpoint:connprop:string"/></ns4:keyedReferenceGroup></ns4:categoryBag></ns4:bindingTemplate></ns4:bindingTemplates><ns4:categoryBag><ns4:keyedReference keyName="Staging" keyValue="Staging" tModelKey="uddi:soa.com:servicelifecyclestage"/><ns4:keyedReference keyName="WSDL type" keyValue="service" tModelKey="uddi:uddi.org:wsdl:types"/><ns4:keyedReference keyName="service namespace" keyValue="https://www.googleapis.com/oauth2/v3" tModelKey="uddi:uddi.org:xml:namespace"/><ns4:keyedReference keyName="service local name" keyValue="Google_Auth_API" tModelKey="uddi:uddi.org:xml:localname"/><ns4:keyedReference keyName="1.0" keyValue="d6b4ca17-ace7-4770-9629-eb9c96e81b33" tModelKey="uddi:soa.com:serviceversion"/><ns4:keyedReferenceGroup tModelKey="uddi:soa.com:service:group"/></ns4:categoryBag></ns4:businessService><ns8:ExportServiceEndpoint><ns7:ServiceEndpoint><ns7:ServiceKey>uddi:055b7b84-9fa1-11e4-bd8a-eaa1e8f31cf2</ns7:ServiceKey><ns7:Name>uddi:057f302b-9fa1-11e4-bd8a-eaa1e8f31cf2</ns7:Name><ns7:Description></ns7:Description><ns7:Url>https://www.googleapis.com/oauth2/v3/</ns7:Url><ns7:BindingQName>{https://www.googleapis.com/oauth2/v3}Google_Auth_API_Binding</ns7:BindingQName><ns7:PortName>Google_Auth_API_port</ns7:PortName><ns7:ConnectionProperties><ns7:NameValue><ns7:Name>http.version</ns7:Name><ns7:Value>Unspecified</ns7:Value></ns7:NameValue></ns7:ConnectionProperties><ns7:Protocol>https</ns7:Protocol></ns7:ServiceEndpoint><ns8:EndpointWsdlUri>wsdls/uddi_057f302b-9fa1-11e4-bd8a-eaa1e8f31cf2.wsdl</ns8:EndpointWsdlUri></ns8:ExportServiceEndpoint></ns8:ExportService></ns8:ExportObjectConfiguration><ns8:ExportObjectConfiguration><ns2:ContractKey><ns2:Key>01a125cc-b64e-11e4-9c29-d6275be28ced</ns2:Key></ns2:ContractKey><ns8:ExportContract><ns11:Contract><ns11:ContractInfo Anonymous="true" Key="01a125cc-b64e-11e4-9c29-d6275be28ced:1101" Name="Anonymous" State="Activated"><ns11:Description></ns11:Description><ns11:ProviderOrganizationKey>uddi:9adb52b6-b649-11e4-9c29-d6275be28ced</ns11:ProviderOrganizationKey><ns2:EffectiveDateTimes><ns2:StartDateTime><ns2:DateTime>2015-02-17T13:37:00+11:00</ns2:DateTime><ns2:TimezoneName>Australia/Sydney</ns2:TimezoneName></ns2:StartDateTime><ns2:EndDateTime><ns2:DateTime>2016-02-17T13:37:00+11:00</ns2:DateTime><ns2:TimezoneName>Australia/Sydney</ns2:TimezoneName></ns2:EndDateTime><ns2:Expire>false</ns2:Expire></ns2:EffectiveDateTimes><ns11:ContractVersionInfo><ns11:LastModifiedTimestamp>2015-02-17+11:00</ns11:LastModifiedTimestamp><ns11:User>Local Domain\administrator</ns11:User><ns11:MetadataVersion>1</ns11:MetadataVersion><ns11:ActiveMetadataVersion>1</ns11:ActiveMetadataVersion></ns11:ContractVersionInfo><ns11:ContractType>service.contract</ns11:ContractType></ns11:ContractInfo><ns11:ContractScope><ns2:OrganizationKey>uddi:9adb52b6-b649-11e4-9c29-d6275be28ced</ns2:OrganizationKey></ns11:ContractScope></ns11:Contract></ns8:ExportContract></ns8:ExportObjectConfiguration><ns8:ExportObjectConfiguration><ns2:PolicyKey><ns2:Key>urn:uuid:25a06381-b64e-11e4-9c29-d6275be28ced</ns2:Key></ns2:PolicyKey><ns8:ExportPolicy><ns10:Policy PolicyName="Insert JWT into Downstream request"><ns10:PolicyKey>urn:uuid:25a06381-b64e-11e4-9c29-d6275be28ced</ns10:PolicyKey><ns10:OrganizationKey>uddi:9adb52b6-b649-11e4-9c29-d6275be28ced</ns10:OrganizationKey><ns10:PolicyType>Operational Policy</ns10:PolicyType><ns10:PolicySubType>policy.xml</ns10:PolicySubType><ns10:Description></ns10:Description><ns10:ReadOnly>false</ns10:ReadOnly><ns10:LocalPolicy>false</ns10:LocalPolicy><ns10:LastUpdatedTime>2015-02-17T02:39:08.293Z</ns10:LastUpdatedTime><ns10:PolicyConfigurationAsString><ns10:Contents>&lt;![CDATA[&lt;?xml version="1.0" encoding="UTF-8"?&gt;
&lt;wsp:Policy visibility="public" xmlns:tns="http://com.soa.pso/policy/" xmlns:wsp="http://schemas.xmlsoap.org/ws/2004/09/policy"&gt;
    &lt;tns:JWTToken&gt;
    	&lt;tns:fileLocation&gt;c://API Project-d6e02d5ef2f2.p12&lt;/tns:fileLocation&gt;
    	&lt;tns:serviceAccountEmail&gt;464838240704-gjrgniev78n29hg24l5fjol42o8uspqv@developer.gserviceaccount.com&lt;/tns:serviceAccountEmail&gt;
     &lt;tns:userAccountEmail&gt;paulpog@japarasolutions.com&lt;/tns:userAccountEmail&gt;
    &lt;/tns:JWTToken&gt;
&lt;/wsp:Policy&gt;]]&gt;</ns10:Contents></ns10:PolicyConfigurationAsString></ns10:Policy></ns8:ExportPolicy></ns8:ExportObjectConfiguration><ns8:ExportObjectConfiguration><ns2:IdentityKey><ns2:Key>Local Domain\cNseMl4KxGm6C5ReKgy4aA==</ns2:Key><ns2:DomainName>Local Domain</ns2:DomainName><ns2:UserName>cNseMl4KxGm6C5ReKgy4aA==</ns2:UserName></ns2:IdentityKey><ns8:ExportUserIdentity><ns15:User DomainName="Local Domain" UserName="cNseMl4KxGm6C5ReKgy4aA=="><ns15:FullName>Service: uddi:9c640d9a-b64c-11e4-9c29-d6275be28ced</ns15:FullName><ns15:IdentityKey>urn:uuid:9c66ccbb-b64c-11e4-9c29-d6275be28ced</ns15:IdentityKey><ns15:Password>wJU3qYMeQrE6huVd6qIIh3U94EkVUCl9G8i+AmiWG9vtqCIZyx9j79vDDBt42i3LzVgF03LJ6VkuHg6RfEh8+g==</ns15:Password><ns15:Disabled>false</ns15:Disabled><ns15:ForcePwdResetOnNextLogin>false</ns15:ForcePwdResetOnNextLogin><ns15:Expired>false</ns15:Expired><ns15:ReadOnly>true</ns15:ReadOnly><ns15:PasswordFrmSeed>0</ns15:PasswordFrmSeed><ns15:OrganizationKey>uddi:soa.com:registryorganization</ns15:OrganizationKey><ns15:PasswordSalt>XEes1QS++sW1qbeb3Q+VsYFJyYMyCucN3J+frhRL/XJV0tebXpwtN2sDKL7GQQzz/sDirvVlKBW+CgIfvx65IA==</ns15:PasswordSalt></ns15:User><ns8:PKIGenerated>true</ns8:PKIGenerated></ns8:ExportUserIdentity></ns8:ExportObjectConfiguration><ns8:ExportObjectConfiguration><ns2:IdentityKey><ns2:Key>Local Domain\BYgtJiPuPur1HLf5jHjkZQ==</ns2:Key><ns2:DomainName>Local Domain</ns2:DomainName><ns2:UserName>BYgtJiPuPur1HLf5jHjkZQ==</ns2:UserName></ns2:IdentityKey><ns8:ExportUserIdentity><ns15:User DomainName="Local Domain" UserName="BYgtJiPuPur1HLf5jHjkZQ=="><ns15:FullName>Service: uddi:055b7b84-9fa1-11e4-bd8a-eaa1e8f31cf2</ns15:FullName><ns15:IdentityKey>urn:uuid:5d366024-a3b5-11e4-8a06-a81d8436ea01</ns15:IdentityKey><ns15:Password>UXSa+rtNGjjJ8VFk3i/n+owZXfyX1c2dqapCBUu4PtXS+Ry0T/sAU7BIqI7sruOMjkzfZ2zq/FMNEo24xI1Qug==</ns15:Password><ns15:Disabled>false</ns15:Disabled><ns15:ForcePwdResetOnNextLogin>false</ns15:ForcePwdResetOnNextLogin><ns15:Expired>false</ns15:Expired><ns15:ReadOnly>true</ns15:ReadOnly><ns15:PasswordFrmSeed>0</ns15:PasswordFrmSeed><ns15:OrganizationKey>uddi:soa.com:registryorganization</ns15:OrganizationKey><ns15:PasswordSalt>ZDCCGw8oTML/lzkXTf9ojNIg5OT+/tZgmdT+1yO4QpxT3PMU8ZhGNH860U/nmmk6FfVUoE5sMfymOeVFt5mB1g==</ns15:PasswordSalt></ns15:User><ns8:PKIGenerated>true</ns8:PKIGenerated></ns8:ExportUserIdentity></ns8:ExportObjectConfiguration><ns8:ExportObjectConfiguration><ns2:IdentityKey><ns2:Key>Local Domain\YIBwUb2MviKgeeD11B8Gtw==</ns2:Key><ns2:DomainName>Local Domain</ns2:DomainName><ns2:UserName>YIBwUb2MviKgeeD11B8Gtw==</ns2:UserName></ns2:IdentityKey><ns8:ExportUserIdentity><ns15:User DomainName="Local Domain" UserName="YIBwUb2MviKgeeD11B8Gtw=="><ns15:FullName>Service: uddi:5a0e7613-b25c-11e4-9d14-dc40c838bd18</ns15:FullName><ns15:IdentityKey>urn:uuid:5a18af44-b25c-11e4-9d14-dc40c838bd18</ns15:IdentityKey><ns15:Password>AWV1ebXwZ/DJBkPW37zmthbthREgyY9WW/FdBAfAOpI04IxBQE+vRxc/f21EJP/wudn1RdF2R4aggPLeLdGcbA==</ns15:Password><ns15:Disabled>false</ns15:Disabled><ns15:ForcePwdResetOnNextLogin>false</ns15:ForcePwdResetOnNextLogin><ns15:Expired>false</ns15:Expired><ns15:ReadOnly>true</ns15:ReadOnly><ns15:PasswordFrmSeed>0</ns15:PasswordFrmSeed><ns15:OrganizationKey>uddi:soa.com:registryorganization</ns15:OrganizationKey><ns15:PasswordSalt>JR7h8XvMMqV7D+kAzVohZc2tnyjaIGaR+ue3gH4+lCLqupjelYReTJeTEx9Z++BaWTSsGLYjoOBx3CPJ2Ok45Q==</ns15:PasswordSalt></ns15:User><ns8:PKIGenerated>true</ns8:PKIGenerated></ns8:ExportUserIdentity></ns8:ExportObjectConfiguration><ns8:ExportObjectConfiguration><ns2:IdentityKey><ns2:Key>Local Domain\49GlwR6ITlUIOWAE1d5wuA==</ns2:Key><ns2:DomainName>Local Domain</ns2:DomainName><ns2:UserName>49GlwR6ITlUIOWAE1d5wuA==</ns2:UserName></ns2:IdentityKey><ns8:ExportUserIdentity><ns15:User DomainName="Local Domain" UserName="49GlwR6ITlUIOWAE1d5wuA=="><ns15:FullName>Service: uddi:2748c56d-b30b-11e4-a144-ca760559c5eb</ns15:FullName><ns15:IdentityKey>urn:uuid:274bd2ae-b30b-11e4-a144-ca760559c5eb</ns15:IdentityKey><ns15:Password>ij2YLjxr9IwMZyNZ4xJ8GbHxt6avCo7C3CVuR/pdDCm9s5LMP70wBkQNAlHUfcoAfnULBw+0g3/508y25h7EUQ==</ns15:Password><ns15:Disabled>false</ns15:Disabled><ns15:ForcePwdResetOnNextLogin>false</ns15:ForcePwdResetOnNextLogin><ns15:Expired>false</ns15:Expired><ns15:ReadOnly>true</ns15:ReadOnly><ns15:PasswordFrmSeed>0</ns15:PasswordFrmSeed><ns15:OrganizationKey>uddi:soa.com:registryorganization</ns15:OrganizationKey><ns15:PasswordSalt>gQmtohc3YIY1vPt3iuqzpvH2qdmcecDbrsB26WOYGlG0UH7fJRyBdCBSO0t6Aiy2Mv7cT8lpujrlPTPQmBvYVA==</ns15:PasswordSalt></ns15:User><ns8:PKIGenerated>true</ns8:PKIGenerated></ns8:ExportUserIdentity></ns8:ExportObjectConfiguration></ns8:ExportConfiguration>