<?xml version="1.0" encoding="UTF-8"?>
<process name="SalesForceOAuth" ns11:description="This process uses salesforce OAuth grant_type password.&#xd;&#xa;client_id, client_secret, username, password" ns11:name="SalesForceOAuth" ns11:orgKey="uddi:9adb52b6-b649-11e4-9c29-d6275be28ced" ns2:processKey="bpel:34a9006f-b64f-11e4-9c29-d6275be28ced" targetNamespace="http://soa.com/processs" xmlns="http://schemas.xmlsoap.org/ws/2003/03/business-process/" xmlns:ns10="http://soa.com/capabilities/service/virtualization/bpel/activity" xmlns:ns11="http://soa.com/bpel/export" xmlns:ns2="http://soa.com/bpel/ext" xmlns:ns3="http://soa.com/capabilities/service/virtualization/bpel" xmlns:ns4="http://schemas.xmlsoap.org/ws/2004/09/mex" xmlns:ns5="http://schemas.xmlsoap.org/ws/2006/02/addressingidentity" xmlns:ns6="http://www.w3.org/2000/09/xmldsig#" xmlns:ns7="http://docs.oasis-open.org/wss/2004/01/oasis-200401-wss-wssecurity-secext-1.0.xsd" xmlns:ns8="http://docs.oasis-open.org/wss/2004/01/oasis-200401-wss-wssecurity-utility-1.0.xsd" xmlns:ns9="http://schemas.xmlsoap.org/ws/2003/05/partner-link/"><ns9:partnerLinkType name="ActivityPortTypeConsumer"><ns9:role name="Consumer"><ns9:portType name="ns10:ActivityPortType"/></ns9:role></ns9:partnerLinkType><ns10:Activities><ns10:Activity ActivityType="ns12:ScriptedActivity" LastUpdated="1424563452380" Name="ConfigForAuthentication" xmlns:ns12="http://soa.com/uri/products/activity/script/xsd/1.0"><ns2:ScriptedActivity xmlns="http://soa.com/uri/products/activity/audit/xsd/1.0" xmlns:ns11="http://soa.com/uri/products/activity/script/xsd/1.0" xmlns:ns2="http://soa.com/uri/products/activity/script/xsd/1.0" xmlns:ns3="http://soa.com/uri/products/activity/stripxml/xsd/1.0" xmlns:ns4="http://soa.com/uri/products/activity/xform/xsd/1.0" xmlns:ns5="http://soa.com/uri/products/activity/process/xsd/1.0" xmlns:ns6="http://soa.com/uri/products/activity/insertxml/xsd/1.0" xmlns:ns7="http://soa.com/uri/products/activity/insertcontent/xsd/1.0"><ns11:Language>js</ns11:Language><ns11:Script>auditLog.debug("SalesForceOAuth Process Script 1: Started");

var newmessage = msgFactory.create("application/json");

// Create new Query String
var newQueryString ="grant_type=password&amp;client_id=3MVG99OxTyEMCQ3jqko6Vn.EFlCUOiuLJaIvyiI61deC2bUyEONkQihaamXyxnrI5cWl.NoU..k_VWiDWBMCq&amp;client_secret=3757125345894418914&amp;username=laura.heritage@soa.com&amp;password=Addi1402!EvF3m8nVzxkhmilzJWkQrouWG";

newmessage.setProperty("com.soa.message.TRANSPORT_QUERY", newQueryString)

processContext.setVariable("newmessage", newmessage);
</ns11:Script></ns2:ScriptedActivity></ns10:Activity><ns10:Activity ActivityType="ns12:ScriptedActivity" LastUpdated="1424563452380" Name="ExtractBearerToken" xmlns:ns12="http://soa.com/uri/products/activity/script/xsd/1.0"><ns2:ScriptedActivity xmlns="http://soa.com/uri/products/activity/audit/xsd/1.0" xmlns:ns11="http://soa.com/uri/products/activity/script/xsd/1.0" xmlns:ns2="http://soa.com/uri/products/activity/script/xsd/1.0" xmlns:ns3="http://soa.com/uri/products/activity/stripxml/xsd/1.0" xmlns:ns4="http://soa.com/uri/products/activity/xform/xsd/1.0" xmlns:ns5="http://soa.com/uri/products/activity/process/xsd/1.0" xmlns:ns6="http://soa.com/uri/products/activity/insertxml/xsd/1.0" xmlns:ns7="http://soa.com/uri/products/activity/insertcontent/xsd/1.0"><ns11:Language>js</ns11:Language><ns11:Script>auditLog.debug("SalesForceOAuth Proces Script 2: Start");



//Get output message of Authentication
var authRespMsg = processContext.getVariable("authResponse");


//Get content from output message
var authContent = JSON.parse(authRespMsg.getContentAsString());


//set Bearer
processContext.setVariable("Bearer",authContent.access_token);


auditLog.debug("SalesForceOAuth Proces Script 2: End  = token " + authContent.access_token);</ns11:Script></ns2:ScriptedActivity></ns10:Activity></ns10:Activities><ns9:partnerLinkType name="SalesforceAuthentication_PortTypeConsumer"><ns9:role name="Consumer"><ns9:portType name="ns12:SalesforceAuthentication_PortType" xmlns:ns12="https://login.salesforce.com/services/oauth2"/></ns9:role></ns9:partnerLinkType><partnerLinks><partnerLink myRole="Consumer" name="Activity" partnerLinkType="ns12:ActivityPortTypeConsumer" xmlns:ns12="http://soa.com/processs"/><partnerLink myRole="Consumer" name="SalesforceAuthentication_PortTypePartnerLink" partnerLinkType="ns12:SalesforceAuthentication_PortTypeConsumer" xmlns:ns12="http://soa.com/processs"/></partnerLinks><variables><variable messageType="ns12:ActivityMessage" name="message" xmlns:ns12="http://soa.com/process/activity"/><variable messageType="ns12:ActivityMessage" name="fault" xmlns:ns12="http://soa.com/process/activity"/><variable messageType="ns12:ActivityMessage" name="authResponse" xmlns:ns12="http://soa.com/process/activity"/><variable messageType="ns12:ActivityMessage" name="newmessage" xmlns:ns12="http://soa.com/process/activity"/><variable messageType="ns12:ActivityMessage" name="SalesInput" xmlns:ns12="http://soa.com/process/activity"/><variable defaultValue="" name="Bearer" type="xs:string" xmlns:xs="http://www.w3.org/2001/XMLSchema"/></variables><sequence><invoke inputVariable="message" name="ConfigForAuthentication" operation="invoke" outputVariable="message" partnerLink="Activity" portType="ns10:ActivityPortType"><ns2:InvocationExt endpoint="ConfigForAuthentication" propagateExchange="true" service="ns10:ActivityService"/></invoke><invoke inputVariable="newmessage" name="GetTokenFromSalesforce" operation="POST__token" outputVariable="authResponse" partnerLink="SalesforceAuthentication_PortTypePartnerLink" portType="ns12:SalesforceAuthentication_PortType" xmlns:ns12="https://login.salesforce.com/services/oauth2"><ns2:InvocationExt service="ns12:SalesforceAuthentication"><ns2:Audit/></ns2:InvocationExt></invoke><invoke inputVariable="message" name="ExtractBearerToken" operation="invoke" outputVariable="message" partnerLink="Activity" portType="ns10:ActivityPortType"><ns2:InvocationExt endpoint="ExtractBearerToken" propagateExchange="true" service="ns10:ActivityService"/></invoke></sequence></process>