<?xml version="1.0" encoding="UTF-8"?>
<ActivityGraph xmlns="http://soa.com/uri/products/activity/graph/xsd/1.0"><PositionElements><Position ActivityName="GetAuthToken"><XPosition>100</XPosition><YPosition>300</YPosition></Position><Position ActivityName="Branch5"><XPosition>210</XPosition><YPosition>300</YPosition></Position><Position ActivityName="Create Search Request"><XPosition>300</XPosition><YPosition>250</YPosition></Position><Position ActivityName="SearchforFolder"><XPosition>410</XPosition><YPosition>250</YPosition></Position><Position ActivityName="Save Search Result"><XPosition>520</XPosition><YPosition>250</YPosition></Position><Position ActivityName="Branch1"><XPosition>630</XPosition><YPosition>250</YPosition></Position><Position ActivityName="ConfigFileSearch"><XPosition>720</XPosition><YPosition>150</YPosition></Position><Position ActivityName="SearchforFile"><XPosition>830</XPosition><YPosition>150</YPosition></Position><Position ActivityName="SaveResult"><XPosition>940</XPosition><YPosition>150</YPosition></Position><Position ActivityName="Branch3"><XPosition>1050</XPosition><YPosition>150</YPosition></Position><Position ActivityName="UploadLeadFile"><XPosition>1140</XPosition><YPosition>100</YPosition></Position><Position ActivityName="configureDelete"><XPosition>1140</XPosition><YPosition>200</YPosition></Position><Position ActivityName="DeleteFile"><XPosition>1250</XPosition><YPosition>200</YPosition></Position><Position ActivityName="SaveDeleteResult"><XPosition>1360</XPosition><YPosition>200</YPosition></Position><Position ActivityName="Branch4"><XPosition>1470</XPosition><YPosition>200</YPosition></Position><Position ActivityName="UploadLeadFile3"><XPosition>1560</XPosition><YPosition>150</YPosition></Position><Position ActivityName="end"><XPosition>1560</XPosition><YPosition>250</YPosition></Position><Position ActivityName="CreateGoogleFolderRequest"><XPosition>720</XPosition><YPosition>350</YPosition></Position><Position ActivityName="CreateGoogleFolder"><XPosition>830</XPosition><YPosition>350</YPosition></Position><Position ActivityName="SaveCreateResult"><XPosition>940</XPosition><YPosition>350</YPosition></Position><Position ActivityName="Branch2"><XPosition>1050</XPosition><YPosition>350</YPosition></Position><Position ActivityName="UploadLeadFile2"><XPosition>1140</XPosition><YPosition>300</YPosition></Position><Position ActivityName="FolderCreationFailed"><XPosition>1140</XPosition><YPosition>400</YPosition></Position><Position ActivityName="return"><XPosition>300</XPosition><YPosition>350</YPosition></Position></PositionElements></ActivityGraph>