<?xml version="1.0" encoding="UTF-8"?>
<ActivityGraph xmlns="http://soa.com/uri/products/activity/graph/xsd/1.0"><PositionElements><Position ActivityName="SaveInputJSON"><XPosition>120</XPosition><YPosition>100</YPosition></Position><Position ActivityName="PostLeadToSF"><XPosition>230</XPosition><YPosition>100</YPosition></Position><Position ActivityName="AddToGoogleLeads"><XPosition>340</XPosition><YPosition>100</YPosition></Position><Position ActivityName="InsertSuccess"><XPosition>450</XPosition><YPosition>100</YPosition></Position></PositionElements></ActivityGraph>