<?xml version="1.0" encoding="UTF-8"?>
<ActivityGraph xmlns="http://soa.com/uri/products/activity/graph/xsd/1.0"><PositionElements><Position ActivityName="ConfigureSmartyStreet"><XPosition>100</XPosition><YPosition>100</YPosition></Position><Position ActivityName="ValidateAddress"><XPosition>210</XPosition><YPosition>100</YPosition></Position><Position ActivityName="Branch1"><XPosition>320</XPosition><YPosition>100</YPosition></Position><Position ActivityName="ConfigureMailGunValidate"><XPosition>410</XPosition><YPosition>50</YPosition></Position><Position ActivityName="ValidateEmail"><XPosition>520</XPosition><YPosition>50</YPosition></Position><Position ActivityName="Branch2"><XPosition>630</XPosition><YPosition>50</YPosition></Position><Position ActivityName="PostLeadToSF"><XPosition>720</XPosition><YPosition>0</YPosition></Position><Position ActivityName="AddToEmailList"><XPosition>830</XPosition><YPosition>0</YPosition></Position><Position ActivityName="AddToGoogleLeads"><XPosition>940</XPosition><YPosition>0</YPosition></Position><Position ActivityName="InsertSuccess"><XPosition>1050</XPosition><YPosition>0</YPosition></Position><Position ActivityName="PostInvalidEmailtoMongo"><XPosition>720</XPosition><YPosition>100</YPosition></Position><Position ActivityName="SetInvalidEmailMsg"><XPosition>830</XPosition><YPosition>100</YPosition></Position><Position ActivityName="Process1"><XPosition>410</XPosition><YPosition>150</YPosition></Position><Position ActivityName="SetInvalidAddressMsg"><XPosition>520</XPosition><YPosition>150</YPosition></Position></PositionElements></ActivityGraph>