<?xml version="1.0" encoding="UTF-8"?>
<process name="TrialLeadsMain" ns11:description="" ns11:name="TrialLeadsMain" ns11:orgKey="uddi:9adb52b6-b649-11e4-9c29-d6275be28ced" ns2:processKey="bpel:8035265e-b6ff-11e4-a1d3-e7b0fbac92ac" targetNamespace="http://soa.com/processs" xmlns="http://schemas.xmlsoap.org/ws/2003/03/business-process/" xmlns:ns10="http://soa.com/capabilities/service/virtualization/bpel/activity" xmlns:ns11="http://soa.com/bpel/export" xmlns:ns2="http://soa.com/bpel/ext" xmlns:ns3="http://soa.com/capabilities/service/virtualization/bpel" xmlns:ns4="http://schemas.xmlsoap.org/ws/2004/09/mex" xmlns:ns5="http://schemas.xmlsoap.org/ws/2006/02/addressingidentity" xmlns:ns6="http://www.w3.org/2000/09/xmldsig#" xmlns:ns7="http://docs.oasis-open.org/wss/2004/01/oasis-200401-wss-wssecurity-secext-1.0.xsd" xmlns:ns8="http://docs.oasis-open.org/wss/2004/01/oasis-200401-wss-wssecurity-utility-1.0.xsd" xmlns:ns9="http://schemas.xmlsoap.org/ws/2003/05/partner-link/"><ns9:partnerLinkType name="ActivityPortTypeConsumer"><ns9:role name="Consumer"><ns9:portType name="ns10:ActivityPortType"/></ns9:role></ns9:partnerLinkType><ns10:Activities><ns10:Activity ActivityType="ns12:ScriptedActivity" LastUpdated="1424563959438" Name="SaveInputJSON" xmlns:ns12="http://soa.com/uri/products/activity/script/xsd/1.0"><ns2:ScriptedActivity xmlns="http://soa.com/uri/products/activity/audit/xsd/1.0" xmlns:ns11="http://soa.com/uri/products/activity/script/xsd/1.0" xmlns:ns2="http://soa.com/uri/products/activity/script/xsd/1.0" xmlns:ns3="http://soa.com/uri/products/activity/stripxml/xsd/1.0" xmlns:ns4="http://soa.com/uri/products/activity/xform/xsd/1.0" xmlns:ns5="http://soa.com/uri/products/activity/process/xsd/1.0" xmlns:ns6="http://soa.com/uri/products/activity/insertxml/xsd/1.0" xmlns:ns7="http://soa.com/uri/products/activity/insertcontent/xsd/1.0"><ns11:Language>js</ns11:Language><ns11:Script>auditLog.debug("Start Store Input");

//Get current message
var msg = processContext.getVariable("message");


//Get request body
var msgJSON = JSON.parse(msg.getContentAsString());
//var lead='[{"street":"' + msgJSON.Street +'", "city": "' + msgJSON.City+'", "state": "'+msgJSON.State+'","zipcode": "'+ msgJSON.PostalCode+']';
var lead = JSON.stringify(msgJSON);


//store the lead details
auditLog.debug("lead is: " +  lead);
processContext.setVariable("lead", lead);

auditLog.debug("End Store Input");</ns11:Script></ns2:ScriptedActivity></ns10:Activity><ns10:Activity ActivityType="ns12:ProcessActivity" LastUpdated="1424563959439" Name="PostLeadToSF" xmlns:ns12="http://soa.com/uri/products/activity/process/xsd/1.0"><ns5:ProcessActivity xmlns="http://soa.com/uri/products/activity/audit/xsd/1.0" xmlns:ns11="http://soa.com/uri/products/activity/process/xsd/1.0" xmlns:ns2="http://soa.com/uri/products/activity/script/xsd/1.0" xmlns:ns3="http://soa.com/uri/products/activity/stripxml/xsd/1.0" xmlns:ns4="http://soa.com/uri/products/activity/xform/xsd/1.0" xmlns:ns5="http://soa.com/uri/products/activity/process/xsd/1.0" xmlns:ns6="http://soa.com/uri/products/activity/insertxml/xsd/1.0" xmlns:ns7="http://soa.com/uri/products/activity/insertcontent/xsd/1.0"><ns11:ProcessID>bpel:0a596e52-b7c9-11e4-a1d3-e7b0fbac92ac</ns11:ProcessID></ns5:ProcessActivity></ns10:Activity><ns10:Activity ActivityType="ns12:ProcessActivity" LastUpdated="1424563959439" Name="AddToGoogleLeads" xmlns:ns12="http://soa.com/uri/products/activity/process/xsd/1.0"><ns5:ProcessActivity xmlns="http://soa.com/uri/products/activity/audit/xsd/1.0" xmlns:ns11="http://soa.com/uri/products/activity/process/xsd/1.0" xmlns:ns2="http://soa.com/uri/products/activity/script/xsd/1.0" xmlns:ns3="http://soa.com/uri/products/activity/stripxml/xsd/1.0" xmlns:ns4="http://soa.com/uri/products/activity/xform/xsd/1.0" xmlns:ns5="http://soa.com/uri/products/activity/process/xsd/1.0" xmlns:ns6="http://soa.com/uri/products/activity/insertxml/xsd/1.0" xmlns:ns7="http://soa.com/uri/products/activity/insertcontent/xsd/1.0"><ns11:ProcessID>bpel:53c869c3-b7c9-11e4-a1d3-e7b0fbac92ac</ns11:ProcessID></ns5:ProcessActivity></ns10:Activity><ns10:Activity ActivityType="ns12:ScriptedActivity" LastUpdated="1424563959439" Name="InsertSuccess" xmlns:ns12="http://soa.com/uri/products/activity/script/xsd/1.0"><ns2:ScriptedActivity xmlns="http://soa.com/uri/products/activity/audit/xsd/1.0" xmlns:ns11="http://soa.com/uri/products/activity/script/xsd/1.0" xmlns:ns2="http://soa.com/uri/products/activity/script/xsd/1.0" xmlns:ns3="http://soa.com/uri/products/activity/stripxml/xsd/1.0" xmlns:ns4="http://soa.com/uri/products/activity/xform/xsd/1.0" xmlns:ns5="http://soa.com/uri/products/activity/process/xsd/1.0" xmlns:ns6="http://soa.com/uri/products/activity/insertxml/xsd/1.0" xmlns:ns7="http://soa.com/uri/products/activity/insertcontent/xsd/1.0"><ns11:Language>js</ns11:Language><ns11:Script>var msg = processContext.getVariable("message");


var content = '{"salesForceStatus":"Success", "Google":"Success"}';

var msgJSON = JSON.parse(msg.getContentAsString());

msgJSON.SignUpStatus = JSON.parse(content);


msg.setStringContent(JSON.stringify(msgJSON));
</ns11:Script></ns2:ScriptedActivity></ns10:Activity></ns10:Activities><ns9:partnerLinkType name="SmartyStreets_API_PortTypeConsumer"><ns9:role name="Consumer"><ns9:portType name="ns12:SmartyStreets_API_PortType" xmlns:ns12="https://api.smartystreets.com"/></ns9:role></ns9:partnerLinkType><ns9:partnerLinkType name="MailGun_API_PortTypeConsumer"><ns9:role name="Consumer"><ns9:portType name="ns12:MailGun_API_PortType" xmlns:ns12="https://api.mailgun.net/v2"/></ns9:role></ns9:partnerLinkType><partnerLinks><partnerLink myRole="Consumer" name="Activity" partnerLinkType="ns12:ActivityPortTypeConsumer" xmlns:ns12="http://soa.com/processs"/><partnerLink myRole="Consumer" name="SmartyStreets_API_PortTypePartnerLink" partnerLinkType="ns12:SmartyStreets_API_PortTypeConsumer" xmlns:ns12="http://soa.com/processs"/><partnerLink myRole="Consumer" name="MailGun_API_PortTypePartnerLink" partnerLinkType="ns12:MailGun_API_PortTypeConsumer" xmlns:ns12="http://soa.com/processs"/></partnerLinks><variables><variable messageType="ns12:ActivityMessage" name="message" xmlns:ns12="http://soa.com/process/activity"/><variable messageType="ns12:ActivityMessage" name="fault" xmlns:ns12="http://soa.com/process/activity"/><variable messageType="ns12:ActivityMessage" name="smartInput" xmlns:ns12="http://soa.com/process/activity"/><variable messageType="ns12:ActivityMessage" name="validationOutput" xmlns:ns12="http://soa.com/process/activity"/><variable messageType="ns12:ActivityMessage" name="errorMessage" xmlns:ns12="http://soa.com/process/activity"/><variable messageType="ns12:ActivityMessage" name="validateEmailIn" xmlns:ns12="http://soa.com/process/activity"/><variable messageType="ns12:ActivityMessage" name="validateEmailOut" xmlns:ns12="http://soa.com/process/activity"/></variables><sequence><invoke inputVariable="message" name="SaveInputJSON" operation="invoke" outputVariable="message" partnerLink="Activity" portType="ns10:ActivityPortType"><ns2:InvocationExt endpoint="SaveInputJSON" propagateExchange="true" service="ns10:ActivityService"/></invoke><invoke inputVariable="message" name="PostLeadToSF" operation="invoke" outputVariable="message" partnerLink="Activity" portType="ns10:ActivityPortType"><ns2:InvocationExt endpoint="PostLeadToSF" propagateExchange="true" service="ns10:ActivityService"/></invoke><invoke inputVariable="message" name="AddToGoogleLeads" operation="invoke" outputVariable="message" partnerLink="Activity" portType="ns10:ActivityPortType"><ns2:InvocationExt endpoint="AddToGoogleLeads" propagateExchange="true" service="ns10:ActivityService"/></invoke><invoke inputVariable="message" name="InsertSuccess" operation="invoke" outputVariable="message" partnerLink="Activity" portType="ns10:ActivityPortType"><ns2:InvocationExt endpoint="InsertSuccess" propagateExchange="true" service="ns10:ActivityService"/></invoke></sequence></process>