<?xml version="1.0" encoding="UTF-8"?>
<ActivityGraph xmlns="http://soa.com/uri/products/activity/graph/xsd/1.0"><PositionElements><Position ActivityName="AppendToTempFile"><XPosition>100</XPosition><YPosition>100</YPosition></Position><Position ActivityName="ReadFileBackForUpload"><XPosition>210</XPosition><YPosition>100</YPosition></Position><Position ActivityName="ConfigMsg"><XPosition>320</XPosition><YPosition>100</YPosition></Position><Position ActivityName="PostLeadToGoogle"><XPosition>430</XPosition><YPosition>100</YPosition></Position></PositionElements></ActivityGraph>