<?xml version="1.0" encoding="UTF-8"?>
<DepedendencyGraph version="1.1"><Nodes><Node type="urn:com:soa:ObjectKey"><ObjectKey class="com.soa.contracts.ContractKey">01a125cc-b64e-11e4-9c29-d6275be28ced:1101</ObjectKey><property class="java.lang.String" name="_NAME_" type="urn:com:soa:SimpleProperty">Anonymous</property></Node><Node type="urn:com:soa:ObjectKey"><ObjectKey class="com.soa.wsdl.model.impl.WsdlBindingImpl">uddi:42abd95a-9ff0-91d3-86c4-d67d04e098f0</ObjectKey><property class="java.lang.String" name="_NAME_" type="urn:com:soa:SimpleProperty">{http://www.soa.com/trialleads}Google_TrialLeads</property></Node><Node type="urn:com:soa:ObjectKey"><ObjectKey class="com.soa.service.operation.model.OperationKey">558bb4ec-e308-11e4-bea5-dbead20d92c4</ObjectKey></Node><Node type="urn:com:soa:ObjectKey"><ObjectKey class="com.soa.wsdl.model.impl.WsdlInterfaceImpl">uddi:d20279c4-855f-b85a-8e68-a4e710409060</ObjectKey><property class="java.lang.String" name="_NAME_" type="urn:com:soa:SimpleProperty">{http://www.soa.com/trialleads}TrialLeads_API_PortType</property></Node><Node type="urn:com:soa:ObjectKey"><ObjectKey class="com.soa.service.operation.model.BindingOperationQualifiedKey">{http://www.soa.com/google/trialleads}TrialLeads_API_Binding$$${http://www.soa.com/trialleads}Google_TrialLeads$$$GET__leads</ObjectKey></Node><Node type="urn:com:soa:ObjectKey"><ObjectKey class="com.soa.organization.model.OrganizationKey">uddi:9adb52b6-b649-11e4-9c29-d6275be28ced</ObjectKey><property class="java.lang.String" name="_NAME_" type="urn:com:soa:SimpleProperty">Google Drive API Integration</property></Node><Node type="urn:com:soa:ObjectKey"><ObjectKey class="com.soa.service.endpoint.EndpointKey">uddi:55c11cd0-e308-11e4-bea5-dbead20d92c4</ObjectKey></Node><Node type="urn:com:soa:ObjectKey"><ObjectKey class="com.soa.policy.config.model.PolicyKey">DetailedAuditing</ObjectKey><property class="java.lang.String" name="_NAME_" type="urn:com:soa:SimpleProperty">DetailedAuditing</property></Node><Node type="urn:com:soa:ObjectKey"><ObjectKey class="com.soa.service.operation.model.OperationKey">558af199-e308-11e4-bea5-dbead20d92c4</ObjectKey></Node><Node type="urn:com:soa:ObjectKey"><ObjectKey class="com.soa.bpel.BpelKey">bpel:f3f1d7b0-b64c-11e4-9c29-d6275be28ced</ObjectKey></Node><Node type="urn:com:soa:ObjectKey"><ObjectKey class="com.soa.service.model.ServiceKey">uddi:9c640d9a-b64c-11e4-9c29-d6275be28ced</ObjectKey><property class="java.lang.String" name="_NAME_" type="urn:com:soa:SimpleProperty">TrialLeads_API_Google</property></Node><Node type="urn:com:soa:ObjectKey"><ObjectKey class="com.soa.security.util.QualifiedUserName">Local Domain\cNseMl4KxGm6C5ReKgy4aA==</ObjectKey></Node><Node type="urn:com:soa:ObjectKey"><ObjectKey class="com.soa.bpel.BpelKey">bpel:34a9006f-b64f-11e4-9c29-d6275be28ced</ObjectKey><property class="java.lang.String" name="_NAME_" type="urn:com:soa:SimpleProperty">SalesForceOAuth</property></Node><Node type="urn:com:soa:ObjectKey"><ObjectKey class="com.soa.bpel.BpelKey">bpel:6fe96dde-b264-11e4-9d14-dc40c838bd18</ObjectKey><property class="java.lang.String" name="_NAME_" type="urn:com:soa:SimpleProperty">UploadFileToGoogle</property></Node><Node type="urn:com:soa:ObjectKey"><ObjectKey class="com.soa.bpel.BpelKey">bpel:8035265e-b6ff-11e4-a1d3-e7b0fbac92ac</ObjectKey><property class="java.lang.String" name="_NAME_" type="urn:com:soa:SimpleProperty">TrialLeadsMain</property></Node><Node type="urn:com:soa:ObjectKey"><ObjectKey class="com.soa.bpel.BpelKey">bpel:0a596e52-b7c9-11e4-a1d3-e7b0fbac92ac</ObjectKey><property class="java.lang.String" name="_NAME_" type="urn:com:soa:SimpleProperty">SalesForceOAuthPostLead</property></Node><Node type="urn:com:soa:ObjectKey"><ObjectKey class="com.soa.bpel.BpelKey">bpel:53c869c3-b7c9-11e4-a1d3-e7b0fbac92ac</ObjectKey><property class="java.lang.String" name="_NAME_" type="urn:com:soa:SimpleProperty">PostLeadToGoogleDocs</property></Node><Node type="urn:com:soa:ObjectKey"><ObjectKey class="com.soa.svccontainer.ContainerKey">283b5d7c-b1dc-456d-ad3d-98cb1fc5</ObjectKey><property class="java.lang.String" name="_NAME_" type="urn:com:soa:SimpleProperty">nd</property></Node><Node type="urn:com:soa:ObjectKey"><ObjectKey class="com.soa.service.operation.model.BindingOperationQualifiedKey">{http://www.soa.com/google/trialleads}TrialLeads_API_Binding$$${http://www.soa.com/trialleads}Google_TrialLeads$$$POST__leads</ObjectKey></Node></Nodes><Links><Link type="bndoperation->service:parent"><From><Node type="urn:com:soa:ObjectKey"><ObjectKey class="com.soa.service.operation.model.BindingOperationQualifiedKey">{http://www.soa.com/google/trialleads}TrialLeads_API_Binding$$${http://www.soa.com/trialleads}Google_TrialLeads$$$GET__leads</ObjectKey></Node></From><To><Node type="urn:com:soa:ObjectKey"><ObjectKey class="com.soa.service.model.ServiceKey">uddi:9c640d9a-b64c-11e4-9c29-d6275be28ced</ObjectKey></Node></To></Link><Link type="process->process:refer"><From><Node type="urn:com:soa:ObjectKey"><ObjectKey class="com.soa.bpel.BpelKey">bpel:0a596e52-b7c9-11e4-a1d3-e7b0fbac92ac</ObjectKey></Node></From><To><Node type="urn:com:soa:ObjectKey"><ObjectKey class="com.soa.bpel.BpelKey">bpel:34a9006f-b64f-11e4-9c29-d6275be28ced</ObjectKey></Node></To></Link><Link type="service->operation:child"><From><Node type="urn:com:soa:ObjectKey"><ObjectKey class="com.soa.service.model.ServiceKey">uddi:9c640d9a-b64c-11e4-9c29-d6275be28ced</ObjectKey></Node></From><To><Node type="urn:com:soa:ObjectKey"><ObjectKey class="com.soa.service.operation.model.OperationKey">558bb4ec-e308-11e4-bea5-dbead20d92c4</ObjectKey></Node></To></Link><Link type="organization->process:ReferedBy"><From><Node type="urn:com:soa:ObjectKey"><ObjectKey class="com.soa.organization.model.OrganizationKey">uddi:9adb52b6-b649-11e4-9c29-d6275be28ced</ObjectKey></Node></From><To><Node type="urn:com:soa:ObjectKey"><ObjectKey class="com.soa.bpel.BpelKey">bpel:8035265e-b6ff-11e4-a1d3-e7b0fbac92ac</ObjectKey></Node></To></Link><Link type="organization->process:ReferedBy"><From><Node type="urn:com:soa:ObjectKey"><ObjectKey class="com.soa.organization.model.OrganizationKey">uddi:9adb52b6-b649-11e4-9c29-d6275be28ced</ObjectKey></Node></From><To><Node type="urn:com:soa:ObjectKey"><ObjectKey class="com.soa.bpel.BpelKey">bpel:6fe96dde-b264-11e4-9d14-dc40c838bd18</ObjectKey></Node></To></Link><Link type="service->interface:ImplementedBy"><From><Node type="urn:com:soa:ObjectKey"><ObjectKey class="com.soa.service.model.ServiceKey">uddi:9c640d9a-b64c-11e4-9c29-d6275be28ced</ObjectKey></Node></From><To><Node type="urn:com:soa:ObjectKey"><ObjectKey class="com.soa.wsdl.model.impl.WsdlInterfaceImpl">uddi:d20279c4-855f-b85a-8e68-a4e710409060</ObjectKey></Node></To></Link><Link type="service->bndoperation:child"><From><Node type="urn:com:soa:ObjectKey"><ObjectKey class="com.soa.service.model.ServiceKey">uddi:9c640d9a-b64c-11e4-9c29-d6275be28ced</ObjectKey></Node></From><To><Node type="urn:com:soa:ObjectKey"><ObjectKey class="com.soa.service.operation.model.BindingOperationQualifiedKey">{http://www.soa.com/google/trialleads}TrialLeads_API_Binding$$${http://www.soa.com/trialleads}Google_TrialLeads$$$POST__leads</ObjectKey></Node></To></Link><Link type="org->service:child"><From><Node type="urn:com:soa:ObjectKey"><ObjectKey class="com.soa.organization.model.OrganizationKey">uddi:9adb52b6-b649-11e4-9c29-d6275be28ced</ObjectKey></Node></From><To><Node type="urn:com:soa:ObjectKey"><ObjectKey class="com.soa.service.model.ServiceKey">uddi:9c640d9a-b64c-11e4-9c29-d6275be28ced</ObjectKey></Node></To></Link><Link type="process->process:refer"><From><Node type="urn:com:soa:ObjectKey"><ObjectKey class="com.soa.bpel.BpelKey">bpel:f3f1d7b0-b64c-11e4-9c29-d6275be28ced</ObjectKey></Node></From><To><Node type="urn:com:soa:ObjectKey"><ObjectKey class="com.soa.bpel.BpelKey">bpel:8035265e-b6ff-11e4-a1d3-e7b0fbac92ac</ObjectKey></Node></To></Link><Link type="service->operationalpolicy:ReferedBy"><From><Node type="urn:com:soa:ObjectKey"><ObjectKey class="com.soa.service.model.ServiceKey">uddi:9c640d9a-b64c-11e4-9c29-d6275be28ced</ObjectKey></Node></From><To><Node type="urn:com:soa:ObjectKey"><ObjectKey class="com.soa.policy.config.model.PolicyKey">DetailedAuditing</ObjectKey></Node></To></Link><Link type="service->binding:ImplementedBy"><From><Node type="urn:com:soa:ObjectKey"><ObjectKey class="com.soa.service.model.ServiceKey">uddi:9c640d9a-b64c-11e4-9c29-d6275be28ced</ObjectKey></Node></From><To><Node type="urn:com:soa:ObjectKey"><ObjectKey class="com.soa.wsdl.model.impl.WsdlBindingImpl">uddi:42abd95a-9ff0-91d3-86c4-d67d04e098f0</ObjectKey></Node></To></Link><Link type="service->endpoint:child"><From><Node type="urn:com:soa:ObjectKey"><ObjectKey class="com.soa.service.model.ServiceKey">uddi:9c640d9a-b64c-11e4-9c29-d6275be28ced</ObjectKey></Node></From><To><Node type="urn:com:soa:ObjectKey"><ObjectKey class="com.soa.service.endpoint.EndpointKey">uddi:55c11cd0-e308-11e4-bea5-dbead20d92c4</ObjectKey></Node></To></Link><Link type="endpoint->service:parent"><From><Node type="urn:com:soa:ObjectKey"><ObjectKey class="com.soa.service.endpoint.EndpointKey">uddi:55c11cd0-e308-11e4-bea5-dbead20d92c4</ObjectKey></Node></From><To><Node type="urn:com:soa:ObjectKey"><ObjectKey class="com.soa.service.model.ServiceKey">uddi:9c640d9a-b64c-11e4-9c29-d6275be28ced</ObjectKey></Node></To></Link><Link type="service->container:Hosts"><From><Node type="urn:com:soa:ObjectKey"><ObjectKey class="com.soa.service.model.ServiceKey">uddi:9c640d9a-b64c-11e4-9c29-d6275be28ced</ObjectKey></Node></From><To><Node type="urn:com:soa:ObjectKey"><ObjectKey class="com.soa.svccontainer.ContainerKey">283b5d7c-b1dc-456d-ad3d-98cb1fc5</ObjectKey></Node></To></Link><Link type="bndoperation->service:parent"><From><Node type="urn:com:soa:ObjectKey"><ObjectKey class="com.soa.service.operation.model.BindingOperationQualifiedKey">{http://www.soa.com/google/trialleads}TrialLeads_API_Binding$$${http://www.soa.com/trialleads}Google_TrialLeads$$$POST__leads</ObjectKey></Node></From><To><Node type="urn:com:soa:ObjectKey"><ObjectKey class="com.soa.service.model.ServiceKey">uddi:9c640d9a-b64c-11e4-9c29-d6275be28ced</ObjectKey></Node></To></Link><Link type="process->process:ReferedBy"><From><Node type="urn:com:soa:ObjectKey"><ObjectKey class="com.soa.bpel.BpelKey">bpel:34a9006f-b64f-11e4-9c29-d6275be28ced</ObjectKey></Node></From><To><Node type="urn:com:soa:ObjectKey"><ObjectKey class="com.soa.bpel.BpelKey">bpel:0a596e52-b7c9-11e4-a1d3-e7b0fbac92ac</ObjectKey></Node></To></Link><Link type="virtualop->bpel:route"><From><Node type="urn:com:soa:ObjectKey"><ObjectKey class="com.soa.service.operation.model.OperationKey">558af199-e308-11e4-bea5-dbead20d92c4</ObjectKey></Node></From><To><Node type="urn:com:soa:ObjectKey"><ObjectKey class="com.soa.bpel.BpelKey">bpel:f3f1d7b0-b64c-11e4-9c29-d6275be28ced</ObjectKey></Node></To></Link><Link type="org->contract:refer"><From><Node type="urn:com:soa:ObjectKey"><ObjectKey class="com.soa.organization.model.OrganizationKey">uddi:9adb52b6-b649-11e4-9c29-d6275be28ced</ObjectKey></Node></From><To><Node type="urn:com:soa:ObjectKey"><ObjectKey class="com.soa.contracts.ContractKey">01a125cc-b64e-11e4-9c29-d6275be28ced:1101</ObjectKey></Node></To></Link><Link type="bpel->virtualop:routedBy"><From><Node type="urn:com:soa:ObjectKey"><ObjectKey class="com.soa.bpel.BpelKey">bpel:f3f1d7b0-b64c-11e4-9c29-d6275be28ced</ObjectKey></Node></From><To><Node type="urn:com:soa:ObjectKey"><ObjectKey class="com.soa.service.operation.model.OperationKey">558af199-e308-11e4-bea5-dbead20d92c4</ObjectKey></Node></To></Link><Link type="process->process:ReferedBy"><From><Node type="urn:com:soa:ObjectKey"><ObjectKey class="com.soa.bpel.BpelKey">bpel:8035265e-b6ff-11e4-a1d3-e7b0fbac92ac</ObjectKey></Node></From><To><Node type="urn:com:soa:ObjectKey"><ObjectKey class="com.soa.bpel.BpelKey">bpel:f3f1d7b0-b64c-11e4-9c29-d6275be28ced</ObjectKey></Node></To></Link><Link type="process->organization:refer"><From><Node type="urn:com:soa:ObjectKey"><ObjectKey class="com.soa.bpel.BpelKey">bpel:8035265e-b6ff-11e4-a1d3-e7b0fbac92ac</ObjectKey></Node></From><To><Node type="urn:com:soa:ObjectKey"><ObjectKey class="com.soa.organization.model.OrganizationKey">uddi:9adb52b6-b649-11e4-9c29-d6275be28ced</ObjectKey></Node></To></Link><Link type="process->organization:refer"><From><Node type="urn:com:soa:ObjectKey"><ObjectKey class="com.soa.bpel.BpelKey">bpel:6fe96dde-b264-11e4-9d14-dc40c838bd18</ObjectKey></Node></From><To><Node type="urn:com:soa:ObjectKey"><ObjectKey class="com.soa.organization.model.OrganizationKey">uddi:9adb52b6-b649-11e4-9c29-d6275be28ced</ObjectKey></Node></To></Link><Link type="service->bndoperation:child"><From><Node type="urn:com:soa:ObjectKey"><ObjectKey class="com.soa.service.model.ServiceKey">uddi:9c640d9a-b64c-11e4-9c29-d6275be28ced</ObjectKey></Node></From><To><Node type="urn:com:soa:ObjectKey"><ObjectKey class="com.soa.service.operation.model.BindingOperationQualifiedKey">{http://www.soa.com/google/trialleads}TrialLeads_API_Binding$$${http://www.soa.com/trialleads}Google_TrialLeads$$$GET__leads</ObjectKey></Node></To></Link><Link type="operation->service:parent"><From><Node type="urn:com:soa:ObjectKey"><ObjectKey class="com.soa.service.operation.model.OperationKey">558af199-e308-11e4-bea5-dbead20d92c4</ObjectKey></Node></From><To><Node type="urn:com:soa:ObjectKey"><ObjectKey class="com.soa.service.model.ServiceKey">uddi:9c640d9a-b64c-11e4-9c29-d6275be28ced</ObjectKey></Node></To></Link><Link type="interface->binding:implements"><From><Node type="urn:com:soa:ObjectKey"><ObjectKey class="com.soa.wsdl.model.impl.WsdlInterfaceImpl">uddi:d20279c4-855f-b85a-8e68-a4e710409060</ObjectKey></Node></From><To><Node type="urn:com:soa:ObjectKey"><ObjectKey class="com.soa.wsdl.model.impl.WsdlBindingImpl">uddi:42abd95a-9ff0-91d3-86c4-d67d04e098f0</ObjectKey></Node></To></Link><Link type="interface->service:implements"><From><Node type="urn:com:soa:ObjectKey"><ObjectKey class="com.soa.wsdl.model.impl.WsdlInterfaceImpl">uddi:d20279c4-855f-b85a-8e68-a4e710409060</ObjectKey></Node></From><To><Node type="urn:com:soa:ObjectKey"><ObjectKey class="com.soa.service.model.ServiceKey">uddi:9c640d9a-b64c-11e4-9c29-d6275be28ced</ObjectKey></Node></To></Link><Link type="binding->service:implements"><From><Node type="urn:com:soa:ObjectKey"><ObjectKey class="com.soa.wsdl.model.impl.WsdlBindingImpl">uddi:42abd95a-9ff0-91d3-86c4-d67d04e098f0</ObjectKey></Node></From><To><Node type="urn:com:soa:ObjectKey"><ObjectKey class="com.soa.service.model.ServiceKey">uddi:9c640d9a-b64c-11e4-9c29-d6275be28ced</ObjectKey></Node></To></Link><Link type="process->process:refer"><From><Node type="urn:com:soa:ObjectKey"><ObjectKey class="com.soa.bpel.BpelKey">bpel:53c869c3-b7c9-11e4-a1d3-e7b0fbac92ac</ObjectKey></Node></From><To><Node type="urn:com:soa:ObjectKey"><ObjectKey class="com.soa.bpel.BpelKey">bpel:6fe96dde-b264-11e4-9d14-dc40c838bd18</ObjectKey></Node></To></Link><Link type="organization->process:ReferedBy"><From><Node type="urn:com:soa:ObjectKey"><ObjectKey class="com.soa.organization.model.OrganizationKey">uddi:9adb52b6-b649-11e4-9c29-d6275be28ced</ObjectKey></Node></From><To><Node type="urn:com:soa:ObjectKey"><ObjectKey class="com.soa.bpel.BpelKey">bpel:53c869c3-b7c9-11e4-a1d3-e7b0fbac92ac</ObjectKey></Node></To></Link><Link type="process->process:refer"><From><Node type="urn:com:soa:ObjectKey"><ObjectKey class="com.soa.bpel.BpelKey">bpel:8035265e-b6ff-11e4-a1d3-e7b0fbac92ac</ObjectKey></Node></From><To><Node type="urn:com:soa:ObjectKey"><ObjectKey class="com.soa.bpel.BpelKey">bpel:53c869c3-b7c9-11e4-a1d3-e7b0fbac92ac</ObjectKey></Node></To></Link><Link type="operation->service:parent"><From><Node type="urn:com:soa:ObjectKey"><ObjectKey class="com.soa.service.operation.model.OperationKey">558bb4ec-e308-11e4-bea5-dbead20d92c4</ObjectKey></Node></From><To><Node type="urn:com:soa:ObjectKey"><ObjectKey class="com.soa.service.model.ServiceKey">uddi:9c640d9a-b64c-11e4-9c29-d6275be28ced</ObjectKey></Node></To></Link><Link type="process->process:refer"><From><Node type="urn:com:soa:ObjectKey"><ObjectKey class="com.soa.bpel.BpelKey">bpel:8035265e-b6ff-11e4-a1d3-e7b0fbac92ac</ObjectKey></Node></From><To><Node type="urn:com:soa:ObjectKey"><ObjectKey class="com.soa.bpel.BpelKey">bpel:0a596e52-b7c9-11e4-a1d3-e7b0fbac92ac</ObjectKey></Node></To></Link><Link type="organization->process:ReferedBy"><From><Node type="urn:com:soa:ObjectKey"><ObjectKey class="com.soa.organization.model.OrganizationKey">uddi:9adb52b6-b649-11e4-9c29-d6275be28ced</ObjectKey></Node></From><To><Node type="urn:com:soa:ObjectKey"><ObjectKey class="com.soa.bpel.BpelKey">bpel:0a596e52-b7c9-11e4-a1d3-e7b0fbac92ac</ObjectKey></Node></To></Link><Link type="binding->interface:ImplementedBy"><From><Node type="urn:com:soa:ObjectKey"><ObjectKey class="com.soa.wsdl.model.impl.WsdlBindingImpl">uddi:42abd95a-9ff0-91d3-86c4-d67d04e098f0</ObjectKey></Node></From><To><Node type="urn:com:soa:ObjectKey"><ObjectKey class="com.soa.wsdl.model.impl.WsdlInterfaceImpl">uddi:d20279c4-855f-b85a-8e68-a4e710409060</ObjectKey></Node></To></Link><Link type="organization->process:ReferedBy"><From><Node type="urn:com:soa:ObjectKey"><ObjectKey class="com.soa.organization.model.OrganizationKey">uddi:9adb52b6-b649-11e4-9c29-d6275be28ced</ObjectKey></Node></From><To><Node type="urn:com:soa:ObjectKey"><ObjectKey class="com.soa.bpel.BpelKey">bpel:34a9006f-b64f-11e4-9c29-d6275be28ced</ObjectKey></Node></To></Link><Link type="contract->org:ReferredBy"><From><Node type="urn:com:soa:ObjectKey"><ObjectKey class="com.soa.contracts.ContractKey">01a125cc-b64e-11e4-9c29-d6275be28ced:1101</ObjectKey></Node></From><To><Node type="urn:com:soa:ObjectKey"><ObjectKey class="com.soa.organization.model.OrganizationKey">uddi:9adb52b6-b649-11e4-9c29-d6275be28ced</ObjectKey></Node></To></Link><Link type="org->contract:child"><From><Node type="urn:com:soa:ObjectKey"><ObjectKey class="com.soa.organization.model.OrganizationKey">uddi:9adb52b6-b649-11e4-9c29-d6275be28ced</ObjectKey></Node></From><To><Node type="urn:com:soa:ObjectKey"><ObjectKey class="com.soa.contracts.ContractKey">01a125cc-b64e-11e4-9c29-d6275be28ced:1101</ObjectKey></Node></To></Link><Link type="process->process:ReferedBy"><From><Node type="urn:com:soa:ObjectKey"><ObjectKey class="com.soa.bpel.BpelKey">bpel:0a596e52-b7c9-11e4-a1d3-e7b0fbac92ac</ObjectKey></Node></From><To><Node type="urn:com:soa:ObjectKey"><ObjectKey class="com.soa.bpel.BpelKey">bpel:8035265e-b6ff-11e4-a1d3-e7b0fbac92ac</ObjectKey></Node></To></Link><Link type="process->process:ReferedBy"><From><Node type="urn:com:soa:ObjectKey"><ObjectKey class="com.soa.bpel.BpelKey">bpel:6fe96dde-b264-11e4-9d14-dc40c838bd18</ObjectKey></Node></From><To><Node type="urn:com:soa:ObjectKey"><ObjectKey class="com.soa.bpel.BpelKey">bpel:53c869c3-b7c9-11e4-a1d3-e7b0fbac92ac</ObjectKey></Node></To></Link><Link type="process->process:ReferedBy"><From><Node type="urn:com:soa:ObjectKey"><ObjectKey class="com.soa.bpel.BpelKey">bpel:53c869c3-b7c9-11e4-a1d3-e7b0fbac92ac</ObjectKey></Node></From><To><Node type="urn:com:soa:ObjectKey"><ObjectKey class="com.soa.bpel.BpelKey">bpel:8035265e-b6ff-11e4-a1d3-e7b0fbac92ac</ObjectKey></Node></To></Link><Link type="process->organization:refer"><From><Node type="urn:com:soa:ObjectKey"><ObjectKey class="com.soa.bpel.BpelKey">bpel:0a596e52-b7c9-11e4-a1d3-e7b0fbac92ac</ObjectKey></Node></From><To><Node type="urn:com:soa:ObjectKey"><ObjectKey class="com.soa.organization.model.OrganizationKey">uddi:9adb52b6-b649-11e4-9c29-d6275be28ced</ObjectKey></Node></To></Link><Link type="process->organization:refer"><From><Node type="urn:com:soa:ObjectKey"><ObjectKey class="com.soa.bpel.BpelKey">bpel:53c869c3-b7c9-11e4-a1d3-e7b0fbac92ac</ObjectKey></Node></From><To><Node type="urn:com:soa:ObjectKey"><ObjectKey class="com.soa.organization.model.OrganizationKey">uddi:9adb52b6-b649-11e4-9c29-d6275be28ced</ObjectKey></Node></To></Link><Link type="operationalpolicy->service:refer"><From><Node type="urn:com:soa:ObjectKey"><ObjectKey class="com.soa.policy.config.model.PolicyKey">DetailedAuditing</ObjectKey></Node></From><To><Node type="urn:com:soa:ObjectKey"><ObjectKey class="com.soa.service.model.ServiceKey">uddi:9c640d9a-b64c-11e4-9c29-d6275be28ced</ObjectKey></Node></To></Link><Link type="process->organization:refer"><From><Node type="urn:com:soa:ObjectKey"><ObjectKey class="com.soa.bpel.BpelKey">bpel:34a9006f-b64f-11e4-9c29-d6275be28ced</ObjectKey></Node></From><To><Node type="urn:com:soa:ObjectKey"><ObjectKey class="com.soa.organization.model.OrganizationKey">uddi:9adb52b6-b649-11e4-9c29-d6275be28ced</ObjectKey></Node></To></Link><Link type="container->service:HostedBy"><From><Node type="urn:com:soa:ObjectKey"><ObjectKey class="com.soa.svccontainer.ContainerKey">283b5d7c-b1dc-456d-ad3d-98cb1fc5</ObjectKey></Node></From><To><Node type="urn:com:soa:ObjectKey"><ObjectKey class="com.soa.service.model.ServiceKey">uddi:9c640d9a-b64c-11e4-9c29-d6275be28ced</ObjectKey></Node></To></Link><Link type="identity->service:ReferredBy"><From><Node type="urn:com:soa:ObjectKey"><ObjectKey class="com.soa.security.util.QualifiedUserName">Local Domain\cNseMl4KxGm6C5ReKgy4aA==</ObjectKey></Node></From><To><Node type="urn:com:soa:ObjectKey"><ObjectKey class="com.soa.service.model.ServiceKey">uddi:9c640d9a-b64c-11e4-9c29-d6275be28ced</ObjectKey></Node></To></Link><Link type="service->identity:refer"><From><Node type="urn:com:soa:ObjectKey"><ObjectKey class="com.soa.service.model.ServiceKey">uddi:9c640d9a-b64c-11e4-9c29-d6275be28ced</ObjectKey></Node></From><To><Node type="urn:com:soa:ObjectKey"><ObjectKey class="com.soa.security.util.QualifiedUserName">Local Domain\cNseMl4KxGm6C5ReKgy4aA==</ObjectKey></Node></To></Link><Link type="contract->org:parent"><From><Node type="urn:com:soa:ObjectKey"><ObjectKey class="com.soa.contracts.ContractKey">01a125cc-b64e-11e4-9c29-d6275be28ced:1101</ObjectKey></Node></From><To><Node type="urn:com:soa:ObjectKey"><ObjectKey class="com.soa.organization.model.OrganizationKey">uddi:9adb52b6-b649-11e4-9c29-d6275be28ced</ObjectKey></Node></To></Link><Link type="service->operation:child"><From><Node type="urn:com:soa:ObjectKey"><ObjectKey class="com.soa.service.model.ServiceKey">uddi:9c640d9a-b64c-11e4-9c29-d6275be28ced</ObjectKey></Node></From><To><Node type="urn:com:soa:ObjectKey"><ObjectKey class="com.soa.service.operation.model.OperationKey">558af199-e308-11e4-bea5-dbead20d92c4</ObjectKey></Node></To></Link><Link type="service->org:parent"><From><Node type="urn:com:soa:ObjectKey"><ObjectKey class="com.soa.service.model.ServiceKey">uddi:9c640d9a-b64c-11e4-9c29-d6275be28ced</ObjectKey></Node></From><To><Node type="urn:com:soa:ObjectKey"><ObjectKey class="com.soa.organization.model.OrganizationKey">uddi:9adb52b6-b649-11e4-9c29-d6275be28ced</ObjectKey></Node></To></Link></Links></DepedendencyGraph>